sample_name,library,filename,filename2,library_ID
RIL_413,EA-28,RIL_413_S1_L001_R1_001.fastq.gz,RIL_413_S1_L001_R2_001.fastq.gz,RIL_413:EA-28:paired:WGS:IlluminaHiSeq4000
RIL_366,EA-28,RIL_366_S2_L001_R1_001.fastq.gz,RIL_366_S2_L001_R2_001.fastq.gz,RIL_366:EA-28:paired:WGS:IlluminaHiSeq4000
RIL_28,EA-28,RIL_28_S3_L001_R1_001.fastq.gz,RIL_28_S3_L001_R2_001.fastq.gz,RIL_28:EA-28:paired:WGS:IlluminaHiSeq4000
RIL_169,EA-28,RIL_169_S4_L001_R1_001.fastq.gz,RIL_169_S4_L001_R2_001.fastq.gz,RIL_169:EA-28:paired:WGS:IlluminaHiSeq4000
RIL_15,EA-28,RIL_15_S5_L001_R1_001.fastq.gz,RIL_15_S5_L001_R2_001.fastq.gz,RIL_15:EA-28:paired:WGS:IlluminaHiSeq4000
RIL_62,EA-28,RIL_62_S6_L001_R1_001.fastq.gz,RIL_62_S6_L001_R2_001.fastq.gz,RIL_62:EA-28:paired:WGS:IlluminaHiSeq4000
RIL_232,EA-28,RIL_232_S8_L001_R1_001.fastq.gz,RIL_232_S8_L001_R2_001.fastq.gz,RIL_232:EA-28:paired:WGS:IlluminaHiSeq4000
RIL_122,EA-28,RIL_122_S9_L001_R1_001.fastq.gz,RIL_122_S9_L001_R2_001.fastq.gz,RIL_122:EA-28:paired:WGS:IlluminaHiSeq4000
RIL_387,EA-28,RIL_387_S10_L001_R1_001.fastq.gz,RIL_387_S10_L001_R2_001.fastq.gz,RIL_387:EA-28:paired:WGS:IlluminaHiSeq4000
RIL_440,EA-28,RIL_440_S11_L001_R1_001.fastq.gz,RIL_440_S11_L001_R2_001.fastq.gz,RIL_440:EA-28:paired:WGS:IlluminaHiSeq4000
RIL_150,EA-28,RIL_150_S12_L001_R1_001.fastq.gz,RIL_150_S12_L001_R2_001.fastq.gz,RIL_150:EA-28:paired:WGS:IlluminaHiSeq4000
RIL_295,EA-28,RIL_295_S13_L001_R1_001.fastq.gz,RIL_295_S13_L001_R2_001.fastq.gz,RIL_295:EA-28:paired:WGS:IlluminaHiSeq4000
RIL_353,EA-28,RIL_353_S14_L001_R1_001.fastq.gz,RIL_353_S14_L001_R2_001.fastq.gz,RIL_353:EA-28:paired:WGS:IlluminaHiSeq4000
RIL_245,EA-28,RIL_245_S15_L001_R1_001.fastq.gz,RIL_245_S15_L001_R2_001.fastq.gz,RIL_245:EA-28:paired:WGS:IlluminaHiSeq4000
RIL_164,EA-28,RIL_164_S16_L001_R1_001.fastq.gz,RIL_164_S16_L001_R2_001.fastq.gz,RIL_164:EA-28:paired:WGS:IlluminaHiSeq4000
RIL_389,EA-28,RIL_389_S17_L001_R1_001.fastq.gz,RIL_389_S17_L001_R2_001.fastq.gz,RIL_389:EA-28:paired:WGS:IlluminaHiSeq4000
RIL_354,EA-28,RIL_354_S18_L001_R1_001.fastq.gz,RIL_354_S18_L001_R2_001.fastq.gz,RIL_354:EA-28:paired:WGS:IlluminaHiSeq4000
RIL_393,EA-28,RIL_393_S19_L001_R1_001.fastq.gz,RIL_393_S19_L001_R2_001.fastq.gz,RIL_393:EA-28:paired:WGS:IlluminaHiSeq4000
RIL_147,EA-28,RIL_147_S20_L001_R1_001.fastq.gz,RIL_147_S20_L001_R2_001.fastq.gz,RIL_147:EA-28:paired:WGS:IlluminaHiSeq4000
RIL_52,EA-28,RIL_52_S21_L001_R1_001.fastq.gz,RIL_52_S21_L001_R2_001.fastq.gz,RIL_52:EA-28:paired:WGS:IlluminaHiSeq4000
RIL_45,EA-28,RIL_45_S22_L001_R1_001.fastq.gz,RIL_45_S22_L001_R2_001.fastq.gz,RIL_45:EA-28:paired:WGS:IlluminaHiSeq4000
RIL_65,EA-28,RIL_65_S23_L001_R1_001.fastq.gz,RIL_65_S23_L001_R2_001.fastq.gz,RIL_65:EA-28:paired:WGS:IlluminaHiSeq4000
RIL_349,EA-28,RIL_349_S24_L001_R1_001.fastq.gz,RIL_349_S24_L001_R2_001.fastq.gz,RIL_349:EA-28:paired:WGS:IlluminaHiSeq4000
RIL_253,EA-28,RIL_253_S25_L001_R1_001.fastq.gz,RIL_253_S25_L001_R2_001.fastq.gz,RIL_253:EA-28:paired:WGS:IlluminaHiSeq4000
RIL_11,EA-28,RIL_11_S26_L001_R1_001.fastq.gz,RIL_11_S26_L001_R2_001.fastq.gz,RIL_11:EA-28:paired:WGS:IlluminaHiSeq4000
RIL_157,EA-28,RIL_157_S27_L001_R1_001.fastq.gz,RIL_157_S27_L001_R2_001.fastq.gz,RIL_157:EA-28:paired:WGS:IlluminaHiSeq4000
RIL_226,EA-28,RIL_226_S28_L001_R1_001.fastq.gz,RIL_226_S28_L001_R2_001.fastq.gz,RIL_226:EA-28:paired:WGS:IlluminaHiSeq4000
RIL_293,EA-28,RIL_293_S29_L001_R1_001.fastq.gz,RIL_293_S29_L001_R2_001.fastq.gz,RIL_293:EA-28:paired:WGS:IlluminaHiSeq4000
RIL_345,EA-28,RIL_345_S30_L001_R1_001.fastq.gz,RIL_345_S30_L001_R2_001.fastq.gz,RIL_345:EA-28:paired:WGS:IlluminaHiSeq4000
RIL_186,EA-28,RIL_186_S31_L001_R1_001.fastq.gz,RIL_186_S31_L001_R2_001.fastq.gz,RIL_186:EA-28:paired:WGS:IlluminaHiSeq4000
RIL_213,EA-28,RIL_213_S32_L001_R1_001.fastq.gz,RIL_213_S32_L001_R2_001.fastq.gz,RIL_213:EA-28:paired:WGS:IlluminaHiSeq4000
RIL_97,EA-28,RIL_97_S33_L001_R1_001.fastq.gz,RIL_97_S33_L001_R2_001.fastq.gz,RIL_97:EA-28:paired:WGS:IlluminaHiSeq4000
RIL_286,EA-28,RIL_286_S34_L001_R1_001.fastq.gz,RIL_286_S34_L001_R2_001.fastq.gz,RIL_286:EA-28:paired:WGS:IlluminaHiSeq4000
RIL_133,EA-28,RIL_133_S35_L001_R1_001.fastq.gz,RIL_133_S35_L001_R2_001.fastq.gz,RIL_133:EA-28:paired:WGS:IlluminaHiSeq4000
RIL_258,EA-28,RIL_258_S36_L001_R1_001.fastq.gz,RIL_258_S36_L001_R2_001.fastq.gz,RIL_258:EA-28:paired:WGS:IlluminaHiSeq4000
RIL_33,EA-28,RIL_33_S37_L001_R1_001.fastq.gz,RIL_33_S37_L001_R2_001.fastq.gz,RIL_33:EA-28:paired:WGS:IlluminaHiSeq4000
RIL_35,EA-28,RIL_35_S38_L001_R1_001.fastq.gz,RIL_35_S38_L001_R2_001.fastq.gz,RIL_35:EA-28:paired:WGS:IlluminaHiSeq4000
RIL_361,EA-28,RIL_361_S39_L001_R1_001.fastq.gz,RIL_361_S39_L001_R2_001.fastq.gz,RIL_361:EA-28:paired:WGS:IlluminaHiSeq4000
RIL_171,EA-28,RIL_171_S40_L001_R1_001.fastq.gz,RIL_171_S40_L001_R2_001.fastq.gz,RIL_171:EA-28:paired:WGS:IlluminaHiSeq4000
RIL_214,EA-28,RIL_214_S41_L001_R1_001.fastq.gz,RIL_214_S41_L001_R2_001.fastq.gz,RIL_214:EA-28:paired:WGS:IlluminaHiSeq4000
RIL_330,EA-28,RIL_330_S42_L001_R1_001.fastq.gz,RIL_330_S42_L001_R2_001.fastq.gz,RIL_330:EA-28:paired:WGS:IlluminaHiSeq4000
RIL_375,EA-28,RIL_375_S43_L001_R1_001.fastq.gz,RIL_375_S43_L001_R2_001.fastq.gz,RIL_375:EA-28:paired:WGS:IlluminaHiSeq4000
RIL_266,EA-28,RIL_266_S44_L001_R1_001.fastq.gz,RIL_266_S44_L001_R2_001.fastq.gz,RIL_266:EA-28:paired:WGS:IlluminaHiSeq4000
RIL_275,EA-28,RIL_275_S45_L001_R1_001.fastq.gz,RIL_275_S45_L001_R2_001.fastq.gz,RIL_275:EA-28:paired:WGS:IlluminaHiSeq4000
RIL_292,EA-28,RIL_292_S46_L001_R1_001.fastq.gz,RIL_292_S46_L001_R2_001.fastq.gz,RIL_292:EA-28:paired:WGS:IlluminaHiSeq4000
RIL_118,EA-28,RIL_118_S47_L001_R1_001.fastq.gz,RIL_118_S47_L001_R2_001.fastq.gz,RIL_118:EA-28:paired:WGS:IlluminaHiSeq4000
RIL_64,EA-28,RIL_64_S48_L001_R1_001.fastq.gz,RIL_64_S48_L001_R2_001.fastq.gz,RIL_64:EA-28:paired:WGS:IlluminaHiSeq4000
RIL_439,EA-28,RIL_439_S49_L001_R1_001.fastq.gz,RIL_439_S49_L001_R2_001.fastq.gz,RIL_439:EA-28:paired:WGS:IlluminaHiSeq4000
RIL_410,EA-28,RIL_410_S50_L001_R1_001.fastq.gz,RIL_410_S50_L001_R2_001.fastq.gz,RIL_410:EA-28:paired:WGS:IlluminaHiSeq4000
RIL_438,EA-28,RIL_438_S52_L001_R1_001.fastq.gz,RIL_438_S52_L001_R2_001.fastq.gz,RIL_438:EA-28:paired:WGS:IlluminaHiSeq4000
RIL_188,EA-28,RIL_188_S53_L001_R1_001.fastq.gz,RIL_188_S53_L001_R2_001.fastq.gz,RIL_188:EA-28:paired:WGS:IlluminaHiSeq4000
RIL_282,EA-28,RIL_282_S54_L001_R1_001.fastq.gz,RIL_282_S54_L001_R2_001.fastq.gz,RIL_282:EA-28:paired:WGS:IlluminaHiSeq4000
RIL_168,EA-28,RIL_168_S55_L001_R1_001.fastq.gz,RIL_168_S55_L001_R2_001.fastq.gz,RIL_168:EA-28:paired:WGS:IlluminaHiSeq4000
RIL_57,EA-28,RIL_57_S56_L001_R1_001.fastq.gz,RIL_57_S56_L001_R2_001.fastq.gz,RIL_57:EA-28:paired:WGS:IlluminaHiSeq4000
RIL_363,EA-28,RIL_363_S57_L001_R1_001.fastq.gz,RIL_363_S57_L001_R2_001.fastq.gz,RIL_363:EA-28:paired:WGS:IlluminaHiSeq4000
RIL_66,EA-28,RIL_66_S58_L001_R1_001.fastq.gz,RIL_66_S58_L001_R2_001.fastq.gz,RIL_66:EA-28:paired:WGS:IlluminaHiSeq4000
RIL_267,EA-28,RIL_267_S59_L001_R1_001.fastq.gz,RIL_267_S59_L001_R2_001.fastq.gz,RIL_267:EA-28:paired:WGS:IlluminaHiSeq4000
RIL_121,EA-28,RIL_121_S60_L001_R1_001.fastq.gz,RIL_121_S60_L001_R2_001.fastq.gz,RIL_121:EA-28:paired:WGS:IlluminaHiSeq4000
RIL_195,EA-28,RIL_195_S61_L001_R1_001.fastq.gz,RIL_195_S61_L001_R2_001.fastq.gz,RIL_195:EA-28:paired:WGS:IlluminaHiSeq4000
RIL_83,EA-28,RIL_83_S62_L001_R1_001.fastq.gz,RIL_83_S62_L001_R2_001.fastq.gz,RIL_83:EA-28:paired:WGS:IlluminaHiSeq4000
RIL_431,EA-28,RIL_431_S63_L001_R1_001.fastq.gz,RIL_431_S63_L001_R2_001.fastq.gz,RIL_431:EA-28:paired:WGS:IlluminaHiSeq4000
RIL_261,EA-28,RIL_261_S64_L001_R1_001.fastq.gz,RIL_261_S64_L001_R2_001.fastq.gz,RIL_261:EA-28:paired:WGS:IlluminaHiSeq4000
RIL_162,EA-28,RIL_162_S65_L001_R1_001.fastq.gz,RIL_162_S65_L001_R2_001.fastq.gz,RIL_162:EA-28:paired:WGS:IlluminaHiSeq4000
RIL_12,EA-28,RIL_12_S66_L001_R1_001.fastq.gz,RIL_12_S66_L001_R2_001.fastq.gz,RIL_12:EA-28:paired:WGS:IlluminaHiSeq4000
RIL_317,EA-28,RIL_317_S67_L001_R1_001.fastq.gz,RIL_317_S67_L001_R2_001.fastq.gz,RIL_317:EA-28:paired:WGS:IlluminaHiSeq4000
RIL_41,EA-28,RIL_41_S68_L001_R1_001.fastq.gz,RIL_41_S68_L001_R2_001.fastq.gz,RIL_41:EA-28:paired:WGS:IlluminaHiSeq4000
RIL_281,EA-28,RIL_281_S69_L001_R1_001.fastq.gz,RIL_281_S69_L001_R2_001.fastq.gz,RIL_281:EA-28:paired:WGS:IlluminaHiSeq4000
RIL_1,EA-28,RIL_1_S70_L001_R1_001.fastq.gz,RIL_1_S70_L001_R2_001.fastq.gz,RIL_1:EA-28:paired:WGS:IlluminaHiSeq4000
RIL_201,EA-28,RIL_201_S71_L001_R1_001.fastq.gz,RIL_201_S71_L001_R2_001.fastq.gz,RIL_201:EA-28:paired:WGS:IlluminaHiSeq4000
RIL_327,EA-28,RIL_327_S72_L001_R1_001.fastq.gz,RIL_327_S72_L001_R2_001.fastq.gz,RIL_327:EA-28:paired:WGS:IlluminaHiSeq4000
RIL_111,EA-28,RIL_111_S73_L001_R1_001.fastq.gz,RIL_111_S73_L001_R2_001.fastq.gz,RIL_111:EA-28:paired:WGS:IlluminaHiSeq4000
RIL_132,EA-28,RIL_132_S74_L001_R1_001.fastq.gz,RIL_132_S74_L001_R2_001.fastq.gz,RIL_132:EA-28:paired:WGS:IlluminaHiSeq4000
RIL_152,EA-28,RIL_152_S75_L001_R1_001.fastq.gz,RIL_152_S75_L001_R2_001.fastq.gz,RIL_152:EA-28:paired:WGS:IlluminaHiSeq4000
RIL_310,EA-28,RIL_310_S76_L001_R1_001.fastq.gz,RIL_310_S76_L001_R2_001.fastq.gz,RIL_310:EA-28:paired:WGS:IlluminaHiSeq4000
RIL_106,EA-28,RIL_106_S77_L001_R1_001.fastq.gz,RIL_106_S77_L001_R2_001.fastq.gz,RIL_106:EA-28:paired:WGS:IlluminaHiSeq4000
RIL_423,EA-28,RIL_423_S78_L001_R1_001.fastq.gz,RIL_423_S78_L001_R2_001.fastq.gz,RIL_423:EA-28:paired:WGS:IlluminaHiSeq4000
RIL_254,EA-28,RIL_254_S79_L001_R1_001.fastq.gz,RIL_254_S79_L001_R2_001.fastq.gz,RIL_254:EA-28:paired:WGS:IlluminaHiSeq4000
RIL_44,EA-28,RIL_44_S80_L001_R1_001.fastq.gz,RIL_44_S80_L001_R2_001.fastq.gz,RIL_44:EA-28:paired:WGS:IlluminaHiSeq4000
RIL_406,EA-28,RIL_406_S81_L001_R1_001.fastq.gz,RIL_406_S81_L001_R2_001.fastq.gz,RIL_406:EA-28:paired:WGS:IlluminaHiSeq4000
RIL_422,EA-28,RIL_422_S82_L001_R1_001.fastq.gz,RIL_422_S82_L001_R2_001.fastq.gz,RIL_422:EA-28:paired:WGS:IlluminaHiSeq4000
RIL_434,EA-28,RIL_434_S83_L001_R1_001.fastq.gz,RIL_434_S83_L001_R2_001.fastq.gz,RIL_434:EA-28:paired:WGS:IlluminaHiSeq4000
RIL_339,EA-28,RIL_339_S84_L001_R1_001.fastq.gz,RIL_339_S84_L001_R2_001.fastq.gz,RIL_339:EA-28:paired:WGS:IlluminaHiSeq4000
RIL_297,EA-28,RIL_297_S85_L001_R1_001.fastq.gz,RIL_297_S85_L001_R2_001.fastq.gz,RIL_297:EA-28:paired:WGS:IlluminaHiSeq4000
RIL_218,EA-28,RIL_218_S86_L001_R1_001.fastq.gz,RIL_218_S86_L001_R2_001.fastq.gz,RIL_218:EA-28:paired:WGS:IlluminaHiSeq4000
RIL_113,EA-28,RIL_113_S87_L001_R1_001.fastq.gz,RIL_113_S87_L001_R2_001.fastq.gz,RIL_113:EA-28:paired:WGS:IlluminaHiSeq4000
RIL_242,EA-28,RIL_242_S88_L001_R1_001.fastq.gz,RIL_242_S88_L001_R2_001.fastq.gz,RIL_242:EA-28:paired:WGS:IlluminaHiSeq4000
RIL_270,EA-28,RIL_270_S89_L001_R1_001.fastq.gz,RIL_270_S89_L001_R2_001.fastq.gz,RIL_270:EA-28:paired:WGS:IlluminaHiSeq4000
RIL_334,EA-28,RIL_334_S90_L001_R1_001.fastq.gz,RIL_334_S90_L001_R2_001.fastq.gz,RIL_334:EA-28:paired:WGS:IlluminaHiSeq4000
RIL_239,EA-28,RIL_239_S91_L001_R1_001.fastq.gz,RIL_239_S91_L001_R2_001.fastq.gz,RIL_239:EA-28:paired:WGS:IlluminaHiSeq4000
RIL_123,EA-28,RIL_123_S92_L001_R1_001.fastq.gz,RIL_123_S92_L001_R2_001.fastq.gz,RIL_123:EA-28:paired:WGS:IlluminaHiSeq4000
RIL_17,EA-28,RIL_17_S93_L001_R1_001.fastq.gz,RIL_17_S93_L001_R2_001.fastq.gz,RIL_17:EA-28:paired:WGS:IlluminaHiSeq4000
RIL_272,EA-28,RIL_272_S94_L001_R1_001.fastq.gz,RIL_272_S94_L001_R2_001.fastq.gz,RIL_272:EA-28:paired:WGS:IlluminaHiSeq4000
RIL_53,EA-28,RIL_53_S95_L001_R1_001.fastq.gz,RIL_53_S95_L001_R2_001.fastq.gz,RIL_53:EA-28:paired:WGS:IlluminaHiSeq4000
RIL_342,EA-28,RIL_342_S96_L001_R1_001.fastq.gz,RIL_342_S96_L001_R2_001.fastq.gz,RIL_342:EA-28:paired:WGS:IlluminaHiSeq4000
RIL_50,EA-29,RIL_50_S97_L002_R1_001.fastq.gz,RIL_50_S97_L002_R2_001.fastq.gz,RIL_50:EA-29:paired:WGS:IlluminaHiSeq4000
RIL_138,EA-29,RIL_138_S98_L002_R1_001.fastq.gz,RIL_138_S98_L002_R2_001.fastq.gz,RIL_138:EA-29:paired:WGS:IlluminaHiSeq4000
RIL_110,EA-29,RIL_110_S99_L002_R1_001.fastq.gz,RIL_110_S99_L002_R2_001.fastq.gz,RIL_110:EA-29:paired:WGS:IlluminaHiSeq4000
RIL_419,EA-29,RIL_419_S100_L002_R1_001.fastq.gz,RIL_419_S100_L002_R2_001.fastq.gz,RIL_419:EA-29:paired:WGS:IlluminaHiSeq4000
RIL_418,EA-29,RIL_418_S101_L002_R1_001.fastq.gz,RIL_418_S101_L002_R2_001.fastq.gz,RIL_418:EA-29:paired:WGS:IlluminaHiSeq4000
RIL_173,EA-29,RIL_173_S102_L002_R1_001.fastq.gz,RIL_173_S102_L002_R2_001.fastq.gz,RIL_173:EA-29:paired:WGS:IlluminaHiSeq4000
RIL_42,EA-29,RIL_42_S103_L002_R1_001.fastq.gz,RIL_42_S103_L002_R2_001.fastq.gz,RIL_42:EA-29:paired:WGS:IlluminaHiSeq4000
RIL_27,EA-29,RIL_27_S104_L002_R1_001.fastq.gz,RIL_27_S104_L002_R2_001.fastq.gz,RIL_27:EA-29:paired:WGS:IlluminaHiSeq4000
RIL_321,EA-29,RIL_321_S105_L002_R1_001.fastq.gz,RIL_321_S105_L002_R2_001.fastq.gz,RIL_321:EA-29:paired:WGS:IlluminaHiSeq4000
RIL_151,EA-29,RIL_151_S106_L002_R1_001.fastq.gz,RIL_151_S106_L002_R2_001.fastq.gz,RIL_151:EA-29:paired:WGS:IlluminaHiSeq4000
RIL_365,EA-29,RIL_365_S107_L002_R1_001.fastq.gz,RIL_365_S107_L002_R2_001.fastq.gz,RIL_365:EA-29:paired:WGS:IlluminaHiSeq4000
RIL_200,EA-29,RIL_200_S108_L002_R1_001.fastq.gz,RIL_200_S108_L002_R2_001.fastq.gz,RIL_200:EA-29:paired:WGS:IlluminaHiSeq4000
RIL_112,EA-29,RIL_112_S109_L002_R1_001.fastq.gz,RIL_112_S109_L002_R2_001.fastq.gz,RIL_112:EA-29:paired:WGS:IlluminaHiSeq4000
RIL_183,EA-29,RIL_183_S110_L002_R1_001.fastq.gz,RIL_183_S110_L002_R2_001.fastq.gz,RIL_183:EA-29:paired:WGS:IlluminaHiSeq4000
RIL_141,EA-29,RIL_141_S111_L002_R1_001.fastq.gz,RIL_141_S111_L002_R2_001.fastq.gz,RIL_141:EA-29:paired:WGS:IlluminaHiSeq4000
RIL_184,EA-29,RIL_184_S112_L002_R1_001.fastq.gz,RIL_184_S112_L002_R2_001.fastq.gz,RIL_184:EA-29:paired:WGS:IlluminaHiSeq4000
RIL_117,EA-29,RIL_117_S113_L002_R1_001.fastq.gz,RIL_117_S113_L002_R2_001.fastq.gz,RIL_117:EA-29:paired:WGS:IlluminaHiSeq4000
RIL_369,EA-29,RIL_369_S114_L002_R1_001.fastq.gz,RIL_369_S114_L002_R2_001.fastq.gz,RIL_369:EA-29:paired:WGS:IlluminaHiSeq4000
RIL_370,EA-29,RIL_370_S115_L002_R1_001.fastq.gz,RIL_370_S115_L002_R2_001.fastq.gz,RIL_370:EA-29:paired:WGS:IlluminaHiSeq4000
RIL_197,EA-29,RIL_197_S116_L002_R1_001.fastq.gz,RIL_197_S116_L002_R2_001.fastq.gz,RIL_197:EA-29:paired:WGS:IlluminaHiSeq4000
RIL_358,EA-29,RIL_358_S117_L002_R1_001.fastq.gz,RIL_358_S117_L002_R2_001.fastq.gz,RIL_358:EA-29:paired:WGS:IlluminaHiSeq4000
RIL_134,EA-29,RIL_134_S118_L002_R1_001.fastq.gz,RIL_134_S118_L002_R2_001.fastq.gz,RIL_134:EA-29:paired:WGS:IlluminaHiSeq4000
RIL_210,EA-29,RIL_210_S119_L002_R1_001.fastq.gz,RIL_210_S119_L002_R2_001.fastq.gz,RIL_210:EA-29:paired:WGS:IlluminaHiSeq4000
RIL_161,EA-29,RIL_161_S120_L002_R1_001.fastq.gz,RIL_161_S120_L002_R2_001.fastq.gz,RIL_161:EA-29:paired:WGS:IlluminaHiSeq4000
RIL_190,EA-29,RIL_190_S121_L002_R1_001.fastq.gz,RIL_190_S121_L002_R2_001.fastq.gz,RIL_190:EA-29:paired:WGS:IlluminaHiSeq4000
RIL_107,EA-29,RIL_107_S122_L002_R1_001.fastq.gz,RIL_107_S122_L002_R2_001.fastq.gz,RIL_107:EA-29:paired:WGS:IlluminaHiSeq4000
RIL_323,EA-29,RIL_323_S123_L002_R1_001.fastq.gz,RIL_323_S123_L002_R2_001.fastq.gz,RIL_323:EA-29:paired:WGS:IlluminaHiSeq4000
RIL_426,EA-29,RIL_426_S124_L002_R1_001.fastq.gz,RIL_426_S124_L002_R2_001.fastq.gz,RIL_426:EA-29:paired:WGS:IlluminaHiSeq4000
RIL_255,EA-29,RIL_255_S125_L002_R1_001.fastq.gz,RIL_255_S125_L002_R2_001.fastq.gz,RIL_255:EA-29:paired:WGS:IlluminaHiSeq4000
RIL_68,EA-29,RIL_68_S126_L002_R1_001.fastq.gz,RIL_68_S126_L002_R2_001.fastq.gz,RIL_68:EA-29:paired:WGS:IlluminaHiSeq4000
RIL_319,EA-29,RIL_319_S127_L002_R1_001.fastq.gz,RIL_319_S127_L002_R2_001.fastq.gz,RIL_319:EA-29:paired:WGS:IlluminaHiSeq4000
RIL_306,EA-29,RIL_306_S128_L002_R1_001.fastq.gz,RIL_306_S128_L002_R2_001.fastq.gz,RIL_306:EA-29:paired:WGS:IlluminaHiSeq4000
RIL_388,EA-29,RIL_388_S129_L002_R1_001.fastq.gz,RIL_388_S129_L002_R2_001.fastq.gz,RIL_388:EA-29:paired:WGS:IlluminaHiSeq4000
RIL_385,EA-29,RIL_385_S130_L002_R1_001.fastq.gz,RIL_385_S130_L002_R2_001.fastq.gz,RIL_385:EA-29:paired:WGS:IlluminaHiSeq4000
RIL_93,EA-29,RIL_93_S131_L002_R1_001.fastq.gz,RIL_93_S131_L002_R2_001.fastq.gz,RIL_93:EA-29:paired:WGS:IlluminaHiSeq4000
RIL_126,EA-29,RIL_126_S132_L002_R1_001.fastq.gz,RIL_126_S132_L002_R2_001.fastq.gz,RIL_126:EA-29:paired:WGS:IlluminaHiSeq4000
RIL_312,EA-29,RIL_312_S133_L002_R1_001.fastq.gz,RIL_312_S133_L002_R2_001.fastq.gz,RIL_312:EA-29:paired:WGS:IlluminaHiSeq4000
RIL_10,EA-29,RIL_10_S134_L002_R1_001.fastq.gz,RIL_10_S134_L002_R2_001.fastq.gz,RIL_10:EA-29:paired:WGS:IlluminaHiSeq4000
RIL_211,EA-29,RIL_211_S135_L002_R1_001.fastq.gz,RIL_211_S135_L002_R2_001.fastq.gz,RIL_211:EA-29:paired:WGS:IlluminaHiSeq4000
RIL_90,EA-29,RIL_90_S136_L002_R1_001.fastq.gz,RIL_90_S136_L002_R2_001.fastq.gz,RIL_90:EA-29:paired:WGS:IlluminaHiSeq4000
RIL_166,EA-29,RIL_166_S137_L002_R1_001.fastq.gz,RIL_166_S137_L002_R2_001.fastq.gz,RIL_166:EA-29:paired:WGS:IlluminaHiSeq4000
RIL_377,EA-29,RIL_377_S138_L002_R1_001.fastq.gz,RIL_377_S138_L002_R2_001.fastq.gz,RIL_377:EA-29:paired:WGS:IlluminaHiSeq4000
RIL_98,EA-29,RIL_98_S139_L002_R1_001.fastq.gz,RIL_98_S139_L002_R2_001.fastq.gz,RIL_98:EA-29:paired:WGS:IlluminaHiSeq4000
RIL_220,EA-29,RIL_220_S140_L002_R1_001.fastq.gz,RIL_220_S140_L002_R2_001.fastq.gz,RIL_220:EA-29:paired:WGS:IlluminaHiSeq4000
RIL_14,EA-29,RIL_14_S141_L002_R1_001.fastq.gz,RIL_14_S141_L002_R2_001.fastq.gz,RIL_14:EA-29:paired:WGS:IlluminaHiSeq4000
RIL_181,EA-29,RIL_181_S142_L002_R1_001.fastq.gz,RIL_181_S142_L002_R2_001.fastq.gz,RIL_181:EA-29:paired:WGS:IlluminaHiSeq4000
RIL_241,EA-29,RIL_241_S143_L002_R1_001.fastq.gz,RIL_241_S143_L002_R2_001.fastq.gz,RIL_241:EA-29:paired:WGS:IlluminaHiSeq4000
RIL_356,EA-29,RIL_356_S144_L002_R1_001.fastq.gz,RIL_356_S144_L002_R2_001.fastq.gz,RIL_356:EA-29:paired:WGS:IlluminaHiSeq4000
RIL_417,EA-29,RIL_417_S145_L002_R1_001.fastq.gz,RIL_417_S145_L002_R2_001.fastq.gz,RIL_417:EA-29:paired:WGS:IlluminaHiSeq4000
RIL_374,EA-29,RIL_374_S146_L002_R1_001.fastq.gz,RIL_374_S146_L002_R2_001.fastq.gz,RIL_374:EA-29:paired:WGS:IlluminaHiSeq4000
RIL_291,EA-29,RIL_291_S147_L002_R1_001.fastq.gz,RIL_291_S147_L002_R2_001.fastq.gz,RIL_291:EA-29:paired:WGS:IlluminaHiSeq4000
RIL_159,EA-29,RIL_159_S148_L002_R1_001.fastq.gz,RIL_159_S148_L002_R2_001.fastq.gz,RIL_159:EA-29:paired:WGS:IlluminaHiSeq4000
RIL_77,EA-29,RIL_77_S149_L002_R1_001.fastq.gz,RIL_77_S149_L002_R2_001.fastq.gz,RIL_77:EA-29:paired:WGS:IlluminaHiSeq4000
RIL_115,EA-29,RIL_115_S150_L002_R1_001.fastq.gz,RIL_115_S150_L002_R2_001.fastq.gz,RIL_115:EA-29:paired:WGS:IlluminaHiSeq4000
RIL_103,EA-29,RIL_103_S151_L002_R1_001.fastq.gz,RIL_103_S151_L002_R2_001.fastq.gz,RIL_103:EA-29:paired:WGS:IlluminaHiSeq4000
RIL_400,EA-29,RIL_400_S152_L002_R1_001.fastq.gz,RIL_400_S152_L002_R2_001.fastq.gz,RIL_400:EA-29:paired:WGS:IlluminaHiSeq4000
RIL_43,EA-29,RIL_43_S153_L002_R1_001.fastq.gz,RIL_43_S153_L002_R2_001.fastq.gz,RIL_43:EA-29:paired:WGS:IlluminaHiSeq4000
RIL_46,EA-29,RIL_46_S154_L002_R1_001.fastq.gz,RIL_46_S154_L002_R2_001.fastq.gz,RIL_46:EA-29:paired:WGS:IlluminaHiSeq4000
RIL_362,EA-29,RIL_362_S155_L002_R1_001.fastq.gz,RIL_362_S155_L002_R2_001.fastq.gz,RIL_362:EA-29:paired:WGS:IlluminaHiSeq4000
RIL_34,EA-29,RIL_34_S156_L002_R1_001.fastq.gz,RIL_34_S156_L002_R2_001.fastq.gz,RIL_34:EA-29:paired:WGS:IlluminaHiSeq4000
RIL_359,EA-29,RIL_359_S157_L002_R1_001.fastq.gz,RIL_359_S157_L002_R2_001.fastq.gz,RIL_359:EA-29:paired:WGS:IlluminaHiSeq4000
RIL_86,EA-29,RIL_86_S158_L002_R1_001.fastq.gz,RIL_86_S158_L002_R2_001.fastq.gz,RIL_86:EA-29:paired:WGS:IlluminaHiSeq4000
RIL_131,EA-29,RIL_131_S159_L002_R1_001.fastq.gz,RIL_131_S159_L002_R2_001.fastq.gz,RIL_131:EA-29:paired:WGS:IlluminaHiSeq4000
RIL_268,EA-29,RIL_268_S160_L002_R1_001.fastq.gz,RIL_268_S160_L002_R2_001.fastq.gz,RIL_268:EA-29:paired:WGS:IlluminaHiSeq4000
RIL_119,EA-29,RIL_119_S161_L002_R1_001.fastq.gz,RIL_119_S161_L002_R2_001.fastq.gz,RIL_119:EA-29:paired:WGS:IlluminaHiSeq4000
RIL_109,EA-29,RIL_109_S162_L002_R1_001.fastq.gz,RIL_109_S162_L002_R2_001.fastq.gz,RIL_109:EA-29:paired:WGS:IlluminaHiSeq4000
RIL_299,EA-29,RIL_299_S163_L002_R1_001.fastq.gz,RIL_299_S163_L002_R2_001.fastq.gz,RIL_299:EA-29:paired:WGS:IlluminaHiSeq4000
RIL_82,EA-29,RIL_82_S164_L002_R1_001.fastq.gz,RIL_82_S164_L002_R2_001.fastq.gz,RIL_82:EA-29:paired:WGS:IlluminaHiSeq4000
RIL_193,EA-29,RIL_193_S165_L002_R1_001.fastq.gz,RIL_193_S165_L002_R2_001.fastq.gz,RIL_193:EA-29:paired:WGS:IlluminaHiSeq4000
RIL_101,EA-29,RIL_101_S166_L002_R1_001.fastq.gz,RIL_101_S166_L002_R2_001.fastq.gz,RIL_101:EA-29:paired:WGS:IlluminaHiSeq4000
RIL_69,EA-29,RIL_69_S167_L002_R1_001.fastq.gz,RIL_69_S167_L002_R2_001.fastq.gz,RIL_69:EA-29:paired:WGS:IlluminaHiSeq4000
RIL_223,EA-29,RIL_223_S168_L002_R1_001.fastq.gz,RIL_223_S168_L002_R2_001.fastq.gz,RIL_223:EA-29:paired:WGS:IlluminaHiSeq4000
RIL_378,EA-29,RIL_378_S169_L002_R1_001.fastq.gz,RIL_378_S169_L002_R2_001.fastq.gz,RIL_378:EA-29:paired:WGS:IlluminaHiSeq4000
RIL_205,EA-29,RIL_205_S170_L002_R1_001.fastq.gz,RIL_205_S170_L002_R2_001.fastq.gz,RIL_205:EA-29:paired:WGS:IlluminaHiSeq4000
RIL_279,EA-29,RIL_279_S171_L002_R1_001.fastq.gz,RIL_279_S171_L002_R2_001.fastq.gz,RIL_279:EA-29:paired:WGS:IlluminaHiSeq4000
RIL_427,EA-29,RIL_427_S172_L002_R1_001.fastq.gz,RIL_427_S172_L002_R2_001.fastq.gz,RIL_427:EA-29:paired:WGS:IlluminaHiSeq4000
RIL_175,EA-29,RIL_175_S173_L002_R1_001.fastq.gz,RIL_175_S173_L002_R2_001.fastq.gz,RIL_175:EA-29:paired:WGS:IlluminaHiSeq4000
RIL_416,EA-29,RIL_416_S174_L002_R1_001.fastq.gz,RIL_416_S174_L002_R2_001.fastq.gz,RIL_416:EA-29:paired:WGS:IlluminaHiSeq4000
RIL_38,EA-29,RIL_38_S175_L002_R1_001.fastq.gz,RIL_38_S175_L002_R2_001.fastq.gz,RIL_38:EA-29:paired:WGS:IlluminaHiSeq4000
RIL_143,EA-29,RIL_143_S176_L002_R1_001.fastq.gz,RIL_143_S176_L002_R2_001.fastq.gz,RIL_143:EA-29:paired:WGS:IlluminaHiSeq4000
RIL_9,EA-29,RIL_9_S177_L002_R1_001.fastq.gz,RIL_9_S177_L002_R2_001.fastq.gz,RIL_9:EA-29:paired:WGS:IlluminaHiSeq4000
RIL_364,EA-29,RIL_364_S178_L002_R1_001.fastq.gz,RIL_364_S178_L002_R2_001.fastq.gz,RIL_364:EA-29:paired:WGS:IlluminaHiSeq4000
RIL_371,EA-29,RIL_371_S179_L002_R1_001.fastq.gz,RIL_371_S179_L002_R2_001.fastq.gz,RIL_371:EA-29:paired:WGS:IlluminaHiSeq4000
RIL_199,EA-29,RIL_199_S180_L002_R1_001.fastq.gz,RIL_199_S180_L002_R2_001.fastq.gz,RIL_199:EA-29:paired:WGS:IlluminaHiSeq4000
RIL_127,EA-29,RIL_127_S181_L002_R1_001.fastq.gz,RIL_127_S181_L002_R2_001.fastq.gz,RIL_127:EA-29:paired:WGS:IlluminaHiSeq4000
RIL_332,EA-29,RIL_332_S182_L002_R1_001.fastq.gz,RIL_332_S182_L002_R2_001.fastq.gz,RIL_332:EA-29:paired:WGS:IlluminaHiSeq4000
RIL_404,EA-29,RIL_404_S183_L002_R1_001.fastq.gz,RIL_404_S183_L002_R2_001.fastq.gz,RIL_404:EA-29:paired:WGS:IlluminaHiSeq4000
RIL_47,EA-29,RIL_47_S184_L002_R1_001.fastq.gz,RIL_47_S184_L002_R2_001.fastq.gz,RIL_47:EA-29:paired:WGS:IlluminaHiSeq4000
RIL_276,EA-29,RIL_276_S185_L002_R1_001.fastq.gz,RIL_276_S185_L002_R2_001.fastq.gz,RIL_276:EA-29:paired:WGS:IlluminaHiSeq4000
RIL_88,EA-29,RIL_88_S186_L002_R1_001.fastq.gz,RIL_88_S186_L002_R2_001.fastq.gz,RIL_88:EA-29:paired:WGS:IlluminaHiSeq4000
RIL_392,EA-29,RIL_392_S187_L002_R1_001.fastq.gz,RIL_392_S187_L002_R2_001.fastq.gz,RIL_392:EA-29:paired:WGS:IlluminaHiSeq4000
RIL_207,EA-29,RIL_207_S188_L002_R1_001.fastq.gz,RIL_207_S188_L002_R2_001.fastq.gz,RIL_207:EA-29:paired:WGS:IlluminaHiSeq4000
RIL_222,EA-29,RIL_222_S189_L002_R1_001.fastq.gz,RIL_222_S189_L002_R2_001.fastq.gz,RIL_222:EA-29:paired:WGS:IlluminaHiSeq4000
RIL_435,EA-29,RIL_435_S190_L002_R1_001.fastq.gz,RIL_435_S190_L002_R2_001.fastq.gz,RIL_435:EA-29:paired:WGS:IlluminaHiSeq4000
RIL_347,EA-30,RIL_347_S191_L003_R1_001.fastq.gz,RIL_347_S191_L003_R2_001.fastq.gz,RIL_347:EA-30:paired:WGS:IlluminaHiSeq4000
RIL_271,EA-30,RIL_271_S192_L003_R1_001.fastq.gz,RIL_271_S192_L003_R2_001.fastq.gz,RIL_271:EA-30:paired:WGS:IlluminaHiSeq4000
RIL_212,EA-30,RIL_212_S193_L003_R1_001.fastq.gz,RIL_212_S193_L003_R2_001.fastq.gz,RIL_212:EA-30:paired:WGS:IlluminaHiSeq4000
RIL_102,EA-30,RIL_102_S194_L003_R1_001.fastq.gz,RIL_102_S194_L003_R2_001.fastq.gz,RIL_102:EA-30:paired:WGS:IlluminaHiSeq4000
RIL_4,EA-30,RIL_4_S195_L003_R1_001.fastq.gz,RIL_4_S195_L003_R2_001.fastq.gz,RIL_4:EA-30:paired:WGS:IlluminaHiSeq4000
RIL_54,EA-30,RIL_54_S196_L003_R1_001.fastq.gz,RIL_54_S196_L003_R2_001.fastq.gz,RIL_54:EA-30:paired:WGS:IlluminaHiSeq4000
RIL_225,EA-30,RIL_225_S197_L003_R1_001.fastq.gz,RIL_225_S197_L003_R2_001.fastq.gz,RIL_225:EA-30:paired:WGS:IlluminaHiSeq4000
RIL_215,EA-30,RIL_215_S198_L003_R1_001.fastq.gz,RIL_215_S198_L003_R2_001.fastq.gz,RIL_215:EA-30:paired:WGS:IlluminaHiSeq4000
RIL_320,EA-30,RIL_320_S199_L003_R1_001.fastq.gz,RIL_320_S199_L003_R2_001.fastq.gz,RIL_320:EA-30:paired:WGS:IlluminaHiSeq4000
RIL_39,EA-30,RIL_39_S200_L003_R1_001.fastq.gz,RIL_39_S200_L003_R2_001.fastq.gz,RIL_39:EA-30:paired:WGS:IlluminaHiSeq4000
RIL_128,EA-30,RIL_128_S201_L003_R1_001.fastq.gz,RIL_128_S201_L003_R2_001.fastq.gz,RIL_128:EA-30:paired:WGS:IlluminaHiSeq4000
RIL_80,EA-30,RIL_80_S202_L003_R1_001.fastq.gz,RIL_80_S202_L003_R2_001.fastq.gz,RIL_80:EA-30:paired:WGS:IlluminaHiSeq4000
RIL_246,EA-30,RIL_246_S203_L003_R1_001.fastq.gz,RIL_246_S203_L003_R2_001.fastq.gz,RIL_246:EA-30:paired:WGS:IlluminaHiSeq4000
RIL_187,EA-30,RIL_187_S204_L003_R1_001.fastq.gz,RIL_187_S204_L003_R2_001.fastq.gz,RIL_187:EA-30:paired:WGS:IlluminaHiSeq4000
RIL_260,EA-30,RIL_260_S205_L003_R1_001.fastq.gz,RIL_260_S205_L003_R2_001.fastq.gz,RIL_260:EA-30:paired:WGS:IlluminaHiSeq4000
RIL_274,EA-30,RIL_274_S206_L003_R1_001.fastq.gz,RIL_274_S206_L003_R2_001.fastq.gz,RIL_274:EA-30:paired:WGS:IlluminaHiSeq4000
RIL_269,EA-30,RIL_269_S207_L003_R1_001.fastq.gz,RIL_269_S207_L003_R2_001.fastq.gz,RIL_269:EA-30:paired:WGS:IlluminaHiSeq4000
RIL_55,EA-30,RIL_55_S208_L003_R1_001.fastq.gz,RIL_55_S208_L003_R2_001.fastq.gz,RIL_55:EA-30:paired:WGS:IlluminaHiSeq4000
RIL_6,EA-30,RIL_6_S209_L003_R1_001.fastq.gz,RIL_6_S209_L003_R2_001.fastq.gz,RIL_6:EA-30:paired:WGS:IlluminaHiSeq4000
RIL_129,EA-30,RIL_129_S210_L003_R1_001.fastq.gz,RIL_129_S210_L003_R2_001.fastq.gz,RIL_129:EA-30:paired:WGS:IlluminaHiSeq4000
RIL_2,EA-30,RIL_2_S211_L003_R1_001.fastq.gz,RIL_2_S211_L003_R2_001.fastq.gz,RIL_2:EA-30:paired:WGS:IlluminaHiSeq4000
RIL_23,EA-30,RIL_23_S212_L003_R1_001.fastq.gz,RIL_23_S212_L003_R2_001.fastq.gz,RIL_23:EA-30:paired:WGS:IlluminaHiSeq4000
RIL_153,EA-30,RIL_153_S213_L003_R1_001.fastq.gz,RIL_153_S213_L003_R2_001.fastq.gz,RIL_153:EA-30:paired:WGS:IlluminaHiSeq4000
RIL_367,EA-30,RIL_367_S214_L003_R1_001.fastq.gz,RIL_367_S214_L003_R2_001.fastq.gz,RIL_367:EA-30:paired:WGS:IlluminaHiSeq4000
RIL_229,EA-30,RIL_229_S215_L003_R1_001.fastq.gz,RIL_229_S215_L003_R2_001.fastq.gz,RIL_229:EA-30:paired:WGS:IlluminaHiSeq4000
RIL_333,EA-30,RIL_333_S216_L003_R1_001.fastq.gz,RIL_333_S216_L003_R2_001.fastq.gz,RIL_333:EA-30:paired:WGS:IlluminaHiSeq4000
RIL_302,EA-30,RIL_302_S217_L003_R1_001.fastq.gz,RIL_302_S217_L003_R2_001.fastq.gz,RIL_302:EA-30:paired:WGS:IlluminaHiSeq4000
RIL_85,EA-30,RIL_85_S218_L003_R1_001.fastq.gz,RIL_85_S218_L003_R2_001.fastq.gz,RIL_85:EA-30:paired:WGS:IlluminaHiSeq4000
RIL_204,EA-30,RIL_204_S219_L003_R1_001.fastq.gz,RIL_204_S219_L003_R2_001.fastq.gz,RIL_204:EA-30:paired:WGS:IlluminaHiSeq4000
RIL_156,EA-30,RIL_156_S220_L003_R1_001.fastq.gz,RIL_156_S220_L003_R2_001.fastq.gz,RIL_156:EA-30:paired:WGS:IlluminaHiSeq4000
RIL_396,EA-30,RIL_396_S221_L003_R1_001.fastq.gz,RIL_396_S221_L003_R2_001.fastq.gz,RIL_396:EA-30:paired:WGS:IlluminaHiSeq4000
RIL_311,EA-30,RIL_311_S222_L003_R1_001.fastq.gz,RIL_311_S222_L003_R2_001.fastq.gz,RIL_311:EA-30:paired:WGS:IlluminaHiSeq4000
RIL_251,EA-30,RIL_251_S223_L003_R1_001.fastq.gz,RIL_251_S223_L003_R2_001.fastq.gz,RIL_251:EA-30:paired:WGS:IlluminaHiSeq4000
RIL_303,EA-30,RIL_303_S224_L003_R1_001.fastq.gz,RIL_303_S224_L003_R2_001.fastq.gz,RIL_303:EA-30:paired:WGS:IlluminaHiSeq4000
RIL_79,EA-30,RIL_79_S225_L003_R1_001.fastq.gz,RIL_79_S225_L003_R2_001.fastq.gz,RIL_79:EA-30:paired:WGS:IlluminaHiSeq4000
RIL_307,EA-30,RIL_307_S226_L003_R1_001.fastq.gz,RIL_307_S226_L003_R2_001.fastq.gz,RIL_307:EA-30:paired:WGS:IlluminaHiSeq4000
RIL_19,EA-30,RIL_19_S227_L003_R1_001.fastq.gz,RIL_19_S227_L003_R2_001.fastq.gz,RIL_19:EA-30:paired:WGS:IlluminaHiSeq4000
RIL_294,EA-30,RIL_294_S228_L003_R1_001.fastq.gz,RIL_294_S228_L003_R2_001.fastq.gz,RIL_294:EA-30:paired:WGS:IlluminaHiSeq4000
RIL_63,EA-30,RIL_63_S229_L003_R1_001.fastq.gz,RIL_63_S229_L003_R2_001.fastq.gz,RIL_63:EA-30:paired:WGS:IlluminaHiSeq4000
RIL_325,EA-30,RIL_325_S230_L003_R1_001.fastq.gz,RIL_325_S230_L003_R2_001.fastq.gz,RIL_325:EA-30:paired:WGS:IlluminaHiSeq4000
RIL_376,EA-30,RIL_376_S231_L003_R1_001.fastq.gz,RIL_376_S231_L003_R2_001.fastq.gz,RIL_376:EA-30:paired:WGS:IlluminaHiSeq4000
RIL_298,EA-30,RIL_298_S232_L003_R1_001.fastq.gz,RIL_298_S232_L003_R2_001.fastq.gz,RIL_298:EA-30:paired:WGS:IlluminaHiSeq4000
RIL_78,EA-30,RIL_78_S233_L003_R1_001.fastq.gz,RIL_78_S233_L003_R2_001.fastq.gz,RIL_78:EA-30:paired:WGS:IlluminaHiSeq4000
RIL_25,EA-30,RIL_25_S234_L003_R1_001.fastq.gz,RIL_25_S234_L003_R2_001.fastq.gz,RIL_25:EA-30:paired:WGS:IlluminaHiSeq4000
RIL_352,EA-30,RIL_352_S235_L003_R1_001.fastq.gz,RIL_352_S235_L003_R2_001.fastq.gz,RIL_352:EA-30:paired:WGS:IlluminaHiSeq4000
RIL_40,EA-30,RIL_40_S236_L003_R1_001.fastq.gz,RIL_40_S236_L003_R2_001.fastq.gz,RIL_40:EA-30:paired:WGS:IlluminaHiSeq4000
RIL_145,EA-30,RIL_145_S237_L003_R1_001.fastq.gz,RIL_145_S237_L003_R2_001.fastq.gz,RIL_145:EA-30:paired:WGS:IlluminaHiSeq4000
RIL_430,EA-30,RIL_430_S238_L003_R1_001.fastq.gz,RIL_430_S238_L003_R2_001.fastq.gz,RIL_430:EA-30:paired:WGS:IlluminaHiSeq4000
RIL_104,EA-30,RIL_104_S239_L003_R1_001.fastq.gz,RIL_104_S239_L003_R2_001.fastq.gz,RIL_104:EA-30:paired:WGS:IlluminaHiSeq4000
RIL_328,EA-30,RIL_328_S240_L003_R1_001.fastq.gz,RIL_328_S240_L003_R2_001.fastq.gz,RIL_328:EA-30:paired:WGS:IlluminaHiSeq4000
RIL_395,EA-30,RIL_395_S241_L003_R1_001.fastq.gz,RIL_395_S241_L003_R2_001.fastq.gz,RIL_395:EA-30:paired:WGS:IlluminaHiSeq4000
RIL_380,EA-30,RIL_380_S242_L003_R1_001.fastq.gz,RIL_380_S242_L003_R2_001.fastq.gz,RIL_380:EA-30:paired:WGS:IlluminaHiSeq4000
RIL_48,EA-30,RIL_48_S243_L003_R1_001.fastq.gz,RIL_48_S243_L003_R2_001.fastq.gz,RIL_48:EA-30:paired:WGS:IlluminaHiSeq4000
RIL_203,EA-30,RIL_203_S244_L003_R1_001.fastq.gz,RIL_203_S244_L003_R2_001.fastq.gz,RIL_203:EA-30:paired:WGS:IlluminaHiSeq4000
RIL_383,EA-30,RIL_383_S245_L003_R1_001.fastq.gz,RIL_383_S245_L003_R2_001.fastq.gz,RIL_383:EA-30:paired:WGS:IlluminaHiSeq4000
RIL_318,EA-30,RIL_318_S246_L003_R1_001.fastq.gz,RIL_318_S246_L003_R2_001.fastq.gz,RIL_318:EA-30:paired:WGS:IlluminaHiSeq4000
RIL_61,EA-30,RIL_61_S247_L003_R1_001.fastq.gz,RIL_61_S247_L003_R2_001.fastq.gz,RIL_61:EA-30:paired:WGS:IlluminaHiSeq4000
RIL_346,EA-30,RIL_346_S248_L003_R1_001.fastq.gz,RIL_346_S248_L003_R2_001.fastq.gz,RIL_346:EA-30:paired:WGS:IlluminaHiSeq4000
RIL_233,EA-30,RIL_233_S249_L003_R1_001.fastq.gz,RIL_233_S249_L003_R2_001.fastq.gz,RIL_233:EA-30:paired:WGS:IlluminaHiSeq4000
RIL_301,EA-30,RIL_301_S250_L003_R1_001.fastq.gz,RIL_301_S250_L003_R2_001.fastq.gz,RIL_301:EA-30:paired:WGS:IlluminaHiSeq4000
RIL_185,EA-30,RIL_185_S251_L003_R1_001.fastq.gz,RIL_185_S251_L003_R2_001.fastq.gz,RIL_185:EA-30:paired:WGS:IlluminaHiSeq4000
RIL_360,EA-30,RIL_360_S252_L003_R1_001.fastq.gz,RIL_360_S252_L003_R2_001.fastq.gz,RIL_360:EA-30:paired:WGS:IlluminaHiSeq4000
RIL_313,EA-30,RIL_313_S253_L003_R1_001.fastq.gz,RIL_313_S253_L003_R2_001.fastq.gz,RIL_313:EA-30:paired:WGS:IlluminaHiSeq4000
RIL_191,EA-30,RIL_191_S254_L003_R1_001.fastq.gz,RIL_191_S254_L003_R2_001.fastq.gz,RIL_191:EA-30:paired:WGS:IlluminaHiSeq4000
RIL_114,EA-30,RIL_114_S255_L003_R1_001.fastq.gz,RIL_114_S255_L003_R2_001.fastq.gz,RIL_114:EA-30:paired:WGS:IlluminaHiSeq4000
RIL_331,EA-30,RIL_331_S256_L003_R1_001.fastq.gz,RIL_331_S256_L003_R2_001.fastq.gz,RIL_331:EA-30:paired:WGS:IlluminaHiSeq4000
RIL_433,EA-30,RIL_433_S257_L003_R1_001.fastq.gz,RIL_433_S257_L003_R2_001.fastq.gz,RIL_433:EA-30:paired:WGS:IlluminaHiSeq4000
RIL_95,EA-30,RIL_95_S258_L003_R1_001.fastq.gz,RIL_95_S258_L003_R2_001.fastq.gz,RIL_95:EA-30:paired:WGS:IlluminaHiSeq4000
RIL_403,EA-30,RIL_403_S259_L003_R1_001.fastq.gz,RIL_403_S259_L003_R2_001.fastq.gz,RIL_403:EA-30:paired:WGS:IlluminaHiSeq4000
RIL_29,EA-30,RIL_29_S260_L003_R1_001.fastq.gz,RIL_29_S260_L003_R2_001.fastq.gz,RIL_29:EA-30:paired:WGS:IlluminaHiSeq4000
RIL_182,EA-30,RIL_182_S261_L003_R1_001.fastq.gz,RIL_182_S261_L003_R2_001.fastq.gz,RIL_182:EA-30:paired:WGS:IlluminaHiSeq4000
RIL_235,EA-30,RIL_235_S262_L003_R1_001.fastq.gz,RIL_235_S262_L003_R2_001.fastq.gz,RIL_235:EA-30:paired:WGS:IlluminaHiSeq4000
RIL_137,EA-30,RIL_137_S263_L003_R1_001.fastq.gz,RIL_137_S263_L003_R2_001.fastq.gz,RIL_137:EA-30:paired:WGS:IlluminaHiSeq4000
RIL_5,EA-30,RIL_5_S264_L003_R1_001.fastq.gz,RIL_5_S264_L003_R2_001.fastq.gz,RIL_5:EA-30:paired:WGS:IlluminaHiSeq4000
RIL_234,EA-30,RIL_234_S265_L003_R1_001.fastq.gz,RIL_234_S265_L003_R2_001.fastq.gz,RIL_234:EA-30:paired:WGS:IlluminaHiSeq4000
RIL_289,EA-30,RIL_289_S266_L003_R1_001.fastq.gz,RIL_289_S266_L003_R2_001.fastq.gz,RIL_289:EA-30:paired:WGS:IlluminaHiSeq4000
RIL_296,EA-30,RIL_296_S267_L003_R1_001.fastq.gz,RIL_296_S267_L003_R2_001.fastq.gz,RIL_296:EA-30:paired:WGS:IlluminaHiSeq4000
RIL_329,EA-30,RIL_329_S268_L003_R1_001.fastq.gz,RIL_329_S268_L003_R2_001.fastq.gz,RIL_329:EA-30:paired:WGS:IlluminaHiSeq4000
RIL_94,EA-30,RIL_94_S269_L003_R1_001.fastq.gz,RIL_94_S269_L003_R2_001.fastq.gz,RIL_94:EA-30:paired:WGS:IlluminaHiSeq4000
RIL_149,EA-30,RIL_149_S270_L003_R1_001.fastq.gz,RIL_149_S270_L003_R2_001.fastq.gz,RIL_149:EA-30:paired:WGS:IlluminaHiSeq4000
RIL_174,EA-30,RIL_174_S271_L003_R1_001.fastq.gz,RIL_174_S271_L003_R2_001.fastq.gz,RIL_174:EA-30:paired:WGS:IlluminaHiSeq4000
RIL_130,EA-30,RIL_130_S272_L003_R1_001.fastq.gz,RIL_130_S272_L003_R2_001.fastq.gz,RIL_130:EA-30:paired:WGS:IlluminaHiSeq4000
RIL_208,EA-30,RIL_208_S273_L003_R1_001.fastq.gz,RIL_208_S273_L003_R2_001.fastq.gz,RIL_208:EA-30:paired:WGS:IlluminaHiSeq4000
RIL_397,EA-30,RIL_397_S274_L003_R1_001.fastq.gz,RIL_397_S274_L003_R2_001.fastq.gz,RIL_397:EA-30:paired:WGS:IlluminaHiSeq4000
RIL_372,EA-30,RIL_372_S275_L003_R1_001.fastq.gz,RIL_372_S275_L003_R2_001.fastq.gz,RIL_372:EA-30:paired:WGS:IlluminaHiSeq4000
RIL_247,EA-30,RIL_247_S276_L003_R1_001.fastq.gz,RIL_247_S276_L003_R2_001.fastq.gz,RIL_247:EA-30:paired:WGS:IlluminaHiSeq4000
RIL_179,EA-30,RIL_179_S277_L003_R1_001.fastq.gz,RIL_179_S277_L003_R2_001.fastq.gz,RIL_179:EA-30:paired:WGS:IlluminaHiSeq4000
RIL_437,EA-30,RIL_437_S278_L003_R1_001.fastq.gz,RIL_437_S278_L003_R2_001.fastq.gz,RIL_437:EA-30:paired:WGS:IlluminaHiSeq4000
RIL_401,EA-30,RIL_401_S279_L003_R1_001.fastq.gz,RIL_401_S279_L003_R2_001.fastq.gz,RIL_401:EA-30:paired:WGS:IlluminaHiSeq4000
RIL_348,EA-30,RIL_348_S280_L003_R1_001.fastq.gz,RIL_348_S280_L003_R2_001.fastq.gz,RIL_348:EA-30:paired:WGS:IlluminaHiSeq4000
RIL_340,EA-30,RIL_340_S281_L003_R1_001.fastq.gz,RIL_340_S281_L003_R2_001.fastq.gz,RIL_340:EA-30:paired:WGS:IlluminaHiSeq4000
RIL_391,EA-30,RIL_391_S282_L003_R1_001.fastq.gz,RIL_391_S282_L003_R2_001.fastq.gz,RIL_391:EA-30:paired:WGS:IlluminaHiSeq4000
RIL_284,EA-30,RIL_284_S283_L003_R1_001.fastq.gz,RIL_284_S283_L003_R2_001.fastq.gz,RIL_284:EA-30:paired:WGS:IlluminaHiSeq4000
RIL_144,EA-30,RIL_144_S284_L003_R1_001.fastq.gz,RIL_144_S284_L003_R2_001.fastq.gz,RIL_144:EA-30:paired:WGS:IlluminaHiSeq4000
RIL_71,EA-31,RIL_71_S285_L004_R1_001.fastq.gz,RIL_71_S285_L004_R2_001.fastq.gz,RIL_71:EA-31:paired:WGS:IlluminaHiSeq4000
RIL_51,EA-31,RIL_51_S286_L004_R1_001.fastq.gz,RIL_51_S286_L004_R2_001.fastq.gz,RIL_51:EA-31:paired:WGS:IlluminaHiSeq4000
RIL_394,EA-31,RIL_394_S287_L004_R1_001.fastq.gz,RIL_394_S287_L004_R2_001.fastq.gz,RIL_394:EA-31:paired:WGS:IlluminaHiSeq4000
RIL_336,EA-31,RIL_336_S288_L004_R1_001.fastq.gz,RIL_336_S288_L004_R2_001.fastq.gz,RIL_336:EA-31:paired:WGS:IlluminaHiSeq4000
RIL_135,EA-31,RIL_135_S289_L004_R1_001.fastq.gz,RIL_135_S289_L004_R2_001.fastq.gz,RIL_135:EA-31:paired:WGS:IlluminaHiSeq4000
RIL_217,EA-31,RIL_217_S290_L004_R1_001.fastq.gz,RIL_217_S290_L004_R2_001.fastq.gz,RIL_217:EA-31:paired:WGS:IlluminaHiSeq4000
RIL_165,EA-31,RIL_165_S291_L004_R1_001.fastq.gz,RIL_165_S291_L004_R2_001.fastq.gz,RIL_165:EA-31:paired:WGS:IlluminaHiSeq4000
RIL_92,EA-31,RIL_92_S292_L004_R1_001.fastq.gz,RIL_92_S292_L004_R2_001.fastq.gz,RIL_92:EA-31:paired:WGS:IlluminaHiSeq4000
RIL_231,EA-31,RIL_231_S293_L004_R1_001.fastq.gz,RIL_231_S293_L004_R2_001.fastq.gz,RIL_231:EA-31:paired:WGS:IlluminaHiSeq4000
RIL_357,EA-31,RIL_357_S294_L004_R1_001.fastq.gz,RIL_357_S294_L004_R2_001.fastq.gz,RIL_357:EA-31:paired:WGS:IlluminaHiSeq4000
RIL_37,EA-31,RIL_37_S295_L004_R1_001.fastq.gz,RIL_37_S295_L004_R2_001.fastq.gz,RIL_37:EA-31:paired:WGS:IlluminaHiSeq4000
RIL_116,EA-31,RIL_116_S296_L004_R1_001.fastq.gz,RIL_116_S296_L004_R2_001.fastq.gz,RIL_116:EA-31:paired:WGS:IlluminaHiSeq4000
RIL_22,EA-31,RIL_22_S297_L004_R1_001.fastq.gz,RIL_22_S297_L004_R2_001.fastq.gz,RIL_22:EA-31:paired:WGS:IlluminaHiSeq4000
RIL_405,EA-31,RIL_405_S298_L004_R1_001.fastq.gz,RIL_405_S298_L004_R2_001.fastq.gz,RIL_405:EA-31:paired:WGS:IlluminaHiSeq4000
RIL_343,EA-31,RIL_343_S299_L004_R1_001.fastq.gz,RIL_343_S299_L004_R2_001.fastq.gz,RIL_343:EA-31:paired:WGS:IlluminaHiSeq4000
RIL_49,EA-31,RIL_49_S300_L004_R1_001.fastq.gz,RIL_49_S300_L004_R2_001.fastq.gz,RIL_49:EA-31:paired:WGS:IlluminaHiSeq4000
RIL_355,EA-31,RIL_355_S301_L004_R1_001.fastq.gz,RIL_355_S301_L004_R2_001.fastq.gz,RIL_355:EA-31:paired:WGS:IlluminaHiSeq4000
RIL_108,EA-31,RIL_108_S302_L004_R1_001.fastq.gz,RIL_108_S302_L004_R2_001.fastq.gz,RIL_108:EA-31:paired:WGS:IlluminaHiSeq4000
RIL_219,EA-31,RIL_219_S303_L004_R1_001.fastq.gz,RIL_219_S303_L004_R2_001.fastq.gz,RIL_219:EA-31:paired:WGS:IlluminaHiSeq4000
RIL_3,EA-31,RIL_3_S304_L004_R1_001.fastq.gz,RIL_3_S304_L004_R2_001.fastq.gz,RIL_3:EA-31:paired:WGS:IlluminaHiSeq4000
RIL_196,EA-31,RIL_196_S305_L004_R1_001.fastq.gz,RIL_196_S305_L004_R2_001.fastq.gz,RIL_196:EA-31:paired:WGS:IlluminaHiSeq4000
RIL_409,EA-31,RIL_409_S306_L004_R1_001.fastq.gz,RIL_409_S306_L004_R2_001.fastq.gz,RIL_409:EA-31:paired:WGS:IlluminaHiSeq4000
RIL_84,EA-31,RIL_84_S307_L004_R1_001.fastq.gz,RIL_84_S307_L004_R2_001.fastq.gz,RIL_84:EA-31:paired:WGS:IlluminaHiSeq4000
RIL_436,EA-31,RIL_436_S308_L004_R1_001.fastq.gz,RIL_436_S308_L004_R2_001.fastq.gz,RIL_436:EA-31:paired:WGS:IlluminaHiSeq4000
RIL_305,EA-31,RIL_305_S309_L004_R1_001.fastq.gz,RIL_305_S309_L004_R2_001.fastq.gz,RIL_305:EA-31:paired:WGS:IlluminaHiSeq4000
RIL_382,EA-31,RIL_382_S310_L004_R1_001.fastq.gz,RIL_382_S310_L004_R2_001.fastq.gz,RIL_382:EA-31:paired:WGS:IlluminaHiSeq4000
RIL_136,EA-31,RIL_136_S311_L004_R1_001.fastq.gz,RIL_136_S311_L004_R2_001.fastq.gz,RIL_136:EA-31:paired:WGS:IlluminaHiSeq4000
RIL_21,EA-31,RIL_21_S312_L004_R1_001.fastq.gz,RIL_21_S312_L004_R2_001.fastq.gz,RIL_21:EA-31:paired:WGS:IlluminaHiSeq4000
RIL_256,EA-31,RIL_256_S313_L004_R1_001.fastq.gz,RIL_256_S313_L004_R2_001.fastq.gz,RIL_256:EA-31:paired:WGS:IlluminaHiSeq4000
RIL_202,EA-31,RIL_202_S314_L004_R1_001.fastq.gz,RIL_202_S314_L004_R2_001.fastq.gz,RIL_202:EA-31:paired:WGS:IlluminaHiSeq4000
RIL_60,EA-31,RIL_60_S315_L004_R1_001.fastq.gz,RIL_60_S315_L004_R2_001.fastq.gz,RIL_60:EA-31:paired:WGS:IlluminaHiSeq4000
RIL_259,EA-31,RIL_259_S316_L004_R1_001.fastq.gz,RIL_259_S316_L004_R2_001.fastq.gz,RIL_259:EA-31:paired:WGS:IlluminaHiSeq4000
RIL_238,EA-31,RIL_238_S317_L004_R1_001.fastq.gz,RIL_238_S317_L004_R2_001.fastq.gz,RIL_238:EA-31:paired:WGS:IlluminaHiSeq4000
RIL_24,EA-31,RIL_24_S318_L004_R1_001.fastq.gz,RIL_24_S318_L004_R2_001.fastq.gz,RIL_24:EA-31:paired:WGS:IlluminaHiSeq4000
RIL_237,EA-31,RIL_237_S319_L004_R1_001.fastq.gz,RIL_237_S319_L004_R2_001.fastq.gz,RIL_237:EA-31:paired:WGS:IlluminaHiSeq4000
RIL_32,EA-31,RIL_32_S320_L004_R1_001.fastq.gz,RIL_32_S320_L004_R2_001.fastq.gz,RIL_32:EA-31:paired:WGS:IlluminaHiSeq4000
RIL_428,EA-31,RIL_428_S321_L004_R1_001.fastq.gz,RIL_428_S321_L004_R2_001.fastq.gz,RIL_428:EA-31:paired:WGS:IlluminaHiSeq4000
RIL_31,EA-31,RIL_31_S322_L004_R1_001.fastq.gz,RIL_31_S322_L004_R2_001.fastq.gz,RIL_31:EA-31:paired:WGS:IlluminaHiSeq4000
RIL_341,EA-31,RIL_341_S323_L004_R1_001.fastq.gz,RIL_341_S323_L004_R2_001.fastq.gz,RIL_341:EA-31:paired:WGS:IlluminaHiSeq4000
RIL_189,EA-31,RIL_189_S324_L004_R1_001.fastq.gz,RIL_189_S324_L004_R2_001.fastq.gz,RIL_189:EA-31:paired:WGS:IlluminaHiSeq4000
RIL_224,EA-31,RIL_224_S325_L004_R1_001.fastq.gz,RIL_224_S325_L004_R2_001.fastq.gz,RIL_224:EA-31:paired:WGS:IlluminaHiSeq4000
RIL_381,EA-31,RIL_381_S326_L004_R1_001.fastq.gz,RIL_381_S326_L004_R2_001.fastq.gz,RIL_381:EA-31:paired:WGS:IlluminaHiSeq4000
RIL_89,EA-31,RIL_89_S327_L004_R1_001.fastq.gz,RIL_89_S327_L004_R2_001.fastq.gz,RIL_89:EA-31:paired:WGS:IlluminaHiSeq4000
RIL_206,EA-31,RIL_206_S328_L004_R1_001.fastq.gz,RIL_206_S328_L004_R2_001.fastq.gz,RIL_206:EA-31:paired:WGS:IlluminaHiSeq4000
RIL_176,EA-31,RIL_176_S329_L004_R1_001.fastq.gz,RIL_176_S329_L004_R2_001.fastq.gz,RIL_176:EA-31:paired:WGS:IlluminaHiSeq4000
RIL_326,EA-31,RIL_326_S330_L004_R1_001.fastq.gz,RIL_326_S330_L004_R2_001.fastq.gz,RIL_326:EA-31:paired:WGS:IlluminaHiSeq4000
RIL_56,EA-31,RIL_56_S331_L004_R1_001.fastq.gz,RIL_56_S331_L004_R2_001.fastq.gz,RIL_56:EA-31:paired:WGS:IlluminaHiSeq4000
RIL_67,EA-31,RIL_67_S332_L004_R1_001.fastq.gz,RIL_67_S332_L004_R2_001.fastq.gz,RIL_67:EA-31:paired:WGS:IlluminaHiSeq4000
RIL_335,EA-31,RIL_335_S333_L004_R1_001.fastq.gz,RIL_335_S333_L004_R2_001.fastq.gz,RIL_335:EA-31:paired:WGS:IlluminaHiSeq4000
RIL_7,EA-31,RIL_7_S334_L004_R1_001.fastq.gz,RIL_7_S334_L004_R2_001.fastq.gz,RIL_7:EA-31:paired:WGS:IlluminaHiSeq4000
RIL_236,EA-31,RIL_236_S335_L004_R1_001.fastq.gz,RIL_236_S335_L004_R2_001.fastq.gz,RIL_236:EA-31:paired:WGS:IlluminaHiSeq4000
RIL_424,EA-31,RIL_424_S336_L004_R1_001.fastq.gz,RIL_424_S336_L004_R2_001.fastq.gz,RIL_424:EA-31:paired:WGS:IlluminaHiSeq4000
RIL_59,EA-31,RIL_59_S337_L004_R1_001.fastq.gz,RIL_59_S337_L004_R2_001.fastq.gz,RIL_59:EA-31:paired:WGS:IlluminaHiSeq4000
RIL_386,EA-31,RIL_386_S338_L004_R1_001.fastq.gz,RIL_386_S338_L004_R2_001.fastq.gz,RIL_386:EA-31:paired:WGS:IlluminaHiSeq4000
RIL_36,EA-31,RIL_36_S339_L004_R1_001.fastq.gz,RIL_36_S339_L004_R2_001.fastq.gz,RIL_36:EA-31:paired:WGS:IlluminaHiSeq4000
RIL_96,EA-31,RIL_96_S340_L004_R1_001.fastq.gz,RIL_96_S340_L004_R2_001.fastq.gz,RIL_96:EA-31:paired:WGS:IlluminaHiSeq4000
RIL_316,EA-31,RIL_316_S341_L004_R1_001.fastq.gz,RIL_316_S341_L004_R2_001.fastq.gz,RIL_316:EA-31:paired:WGS:IlluminaHiSeq4000
RIL_399,EA-31,RIL_399_S342_L004_R1_001.fastq.gz,RIL_399_S342_L004_R2_001.fastq.gz,RIL_399:EA-31:paired:WGS:IlluminaHiSeq4000
RIL_402,EA-31,RIL_402_S343_L004_R1_001.fastq.gz,RIL_402_S343_L004_R2_001.fastq.gz,RIL_402:EA-31:paired:WGS:IlluminaHiSeq4000
RIL_304,EA-31,RIL_304_S344_L004_R1_001.fastq.gz,RIL_304_S344_L004_R2_001.fastq.gz,RIL_304:EA-31:paired:WGS:IlluminaHiSeq4000
RIL_283,EA-31,RIL_283_S345_L004_R1_001.fastq.gz,RIL_283_S345_L004_R2_001.fastq.gz,RIL_283:EA-31:paired:WGS:IlluminaHiSeq4000
RIL_20,EA-31,RIL_20_S346_L004_R1_001.fastq.gz,RIL_20_S346_L004_R2_001.fastq.gz,RIL_20:EA-31:paired:WGS:IlluminaHiSeq4000
RIL_120,EA-31,RIL_120_S347_L004_R1_001.fastq.gz,RIL_120_S347_L004_R2_001.fastq.gz,RIL_120:EA-31:paired:WGS:IlluminaHiSeq4000
RIL_264,EA-31,RIL_264_S348_L004_R1_001.fastq.gz,RIL_264_S348_L004_R2_001.fastq.gz,RIL_264:EA-31:paired:WGS:IlluminaHiSeq4000
RIL_230,EA-31,RIL_230_S349_L004_R1_001.fastq.gz,RIL_230_S349_L004_R2_001.fastq.gz,RIL_230:EA-31:paired:WGS:IlluminaHiSeq4000
RIL_192,EA-31,RIL_192_S350_L004_R1_001.fastq.gz,RIL_192_S350_L004_R2_001.fastq.gz,RIL_192:EA-31:paired:WGS:IlluminaHiSeq4000
RIL_262,EA-31,RIL_262_S351_L004_R1_001.fastq.gz,RIL_262_S351_L004_R2_001.fastq.gz,RIL_262:EA-31:paired:WGS:IlluminaHiSeq4000
RIL_300,EA-31,RIL_300_S352_L004_R1_001.fastq.gz,RIL_300_S352_L004_R2_001.fastq.gz,RIL_300:EA-31:paired:WGS:IlluminaHiSeq4000
RIL_74,EA-31,RIL_74_S353_L004_R1_001.fastq.gz,RIL_74_S353_L004_R2_001.fastq.gz,RIL_74:EA-31:paired:WGS:IlluminaHiSeq4000
RIL_257,EA-31,RIL_257_S354_L004_R1_001.fastq.gz,RIL_257_S354_L004_R2_001.fastq.gz,RIL_257:EA-31:paired:WGS:IlluminaHiSeq4000
RIL_277,EA-31,RIL_277_S355_L004_R1_001.fastq.gz,RIL_277_S355_L004_R2_001.fastq.gz,RIL_277:EA-31:paired:WGS:IlluminaHiSeq4000
RIL_411,EA-31,RIL_411_S356_L004_R1_001.fastq.gz,RIL_411_S356_L004_R2_001.fastq.gz,RIL_411:EA-31:paired:WGS:IlluminaHiSeq4000
RIL_18,EA-31,RIL_18_S357_L004_R1_001.fastq.gz,RIL_18_S357_L004_R2_001.fastq.gz,RIL_18:EA-31:paired:WGS:IlluminaHiSeq4000
RIL_177,EA-31,RIL_177_S358_L004_R1_001.fastq.gz,RIL_177_S358_L004_R2_001.fastq.gz,RIL_177:EA-31:paired:WGS:IlluminaHiSeq4000
RIL_244,EA-31,RIL_244_S359_L004_R1_001.fastq.gz,RIL_244_S359_L004_R2_001.fastq.gz,RIL_244:EA-31:paired:WGS:IlluminaHiSeq4000
RIL_429,EA-31,RIL_429_S360_L004_R1_001.fastq.gz,RIL_429_S360_L004_R2_001.fastq.gz,RIL_429:EA-31:paired:WGS:IlluminaHiSeq4000
RIL_178,EA-31,RIL_178_S361_L004_R1_001.fastq.gz,RIL_178_S361_L004_R2_001.fastq.gz,RIL_178:EA-31:paired:WGS:IlluminaHiSeq4000
RIL_338,EA-31,RIL_338_S362_L004_R1_001.fastq.gz,RIL_338_S362_L004_R2_001.fastq.gz,RIL_338:EA-31:paired:WGS:IlluminaHiSeq4000
RIL_172,EA-31,RIL_172_S363_L004_R1_001.fastq.gz,RIL_172_S363_L004_R2_001.fastq.gz,RIL_172:EA-31:paired:WGS:IlluminaHiSeq4000
RIL_421,EA-31,RIL_421_S364_L004_R1_001.fastq.gz,RIL_421_S364_L004_R2_001.fastq.gz,RIL_421:EA-31:paired:WGS:IlluminaHiSeq4000
RIL_407,EA-31,RIL_407_S365_L004_R1_001.fastq.gz,RIL_407_S365_L004_R2_001.fastq.gz,RIL_407:EA-31:paired:WGS:IlluminaHiSeq4000
RIL_154,EA-31,RIL_154_S366_L004_R1_001.fastq.gz,RIL_154_S366_L004_R2_001.fastq.gz,RIL_154:EA-31:paired:WGS:IlluminaHiSeq4000
RIL_209,EA-31,RIL_209_S367_L004_R1_001.fastq.gz,RIL_209_S367_L004_R2_001.fastq.gz,RIL_209:EA-31:paired:WGS:IlluminaHiSeq4000
RIL_432,EA-31,RIL_432_S368_L004_R1_001.fastq.gz,RIL_432_S368_L004_R2_001.fastq.gz,RIL_432:EA-31:paired:WGS:IlluminaHiSeq4000
RIL_70,EA-31,RIL_70_S369_L004_R1_001.fastq.gz,RIL_70_S369_L004_R2_001.fastq.gz,RIL_70:EA-31:paired:WGS:IlluminaHiSeq4000
RIL_412,EA-31,RIL_412_S370_L004_R1_001.fastq.gz,RIL_412_S370_L004_R2_001.fastq.gz,RIL_412:EA-31:paired:WGS:IlluminaHiSeq4000
RIL_265,EA-31,RIL_265_S371_L004_R1_001.fastq.gz,RIL_265_S371_L004_R2_001.fastq.gz,RIL_265:EA-31:paired:WGS:IlluminaHiSeq4000
RIL_26,EA-31,RIL_26_S372_L004_R1_001.fastq.gz,RIL_26_S372_L004_R2_001.fastq.gz,RIL_26:EA-31:paired:WGS:IlluminaHiSeq4000
RIL_290,EA-31,RIL_290_S373_L004_R1_001.fastq.gz,RIL_290_S373_L004_R2_001.fastq.gz,RIL_290:EA-31:paired:WGS:IlluminaHiSeq4000
RIL_384,EA-31,RIL_384_S374_L004_R1_001.fastq.gz,RIL_384_S374_L004_R2_001.fastq.gz,RIL_384:EA-31:paired:WGS:IlluminaHiSeq4000
RIL_350,EA-31,RIL_350_S375_L004_R1_001.fastq.gz,RIL_350_S375_L004_R2_001.fastq.gz,RIL_350:EA-31:paired:WGS:IlluminaHiSeq4000
RIL_105,EA-31,RIL_105_S376_L004_R1_001.fastq.gz,RIL_105_S376_L004_R2_001.fastq.gz,RIL_105:EA-31:paired:WGS:IlluminaHiSeq4000
RIL_314,EA-31,RIL_314_S377_L004_R1_001.fastq.gz,RIL_314_S377_L004_R2_001.fastq.gz,RIL_314:EA-31:paired:WGS:IlluminaHiSeq4000
RIL_250,EA-31,RIL_250_S378_L004_R1_001.fastq.gz,RIL_250_S378_L004_R2_001.fastq.gz,RIL_250:EA-31:paired:WGS:IlluminaHiSeq4000
RIAIL_1,CB-1,RIAIL_1_S379_L005_R1_001.fastq.gz,RIAIL_1_S379_L005_R2_001.fastq.gz,RIAIL_1:CB-1:paired:WGS:IlluminaHiSeq4000
RIAIL_2,CB-1,RIAIL_2_S380_L005_R1_001.fastq.gz,RIAIL_2_S380_L005_R2_001.fastq.gz,RIAIL_2:CB-1:paired:WGS:IlluminaHiSeq4000
RIAIL_3,CB-1,RIAIL_3_S381_L005_R1_001.fastq.gz,RIAIL_3_S381_L005_R2_001.fastq.gz,RIAIL_3:CB-1:paired:WGS:IlluminaHiSeq4000
RIAIL_4,CB-1,RIAIL_4_S382_L005_R1_001.fastq.gz,RIAIL_4_S382_L005_R2_001.fastq.gz,RIAIL_4:CB-1:paired:WGS:IlluminaHiSeq4000
RIAIL_5,CB-1,RIAIL_5_S383_L005_R1_001.fastq.gz,RIAIL_5_S383_L005_R2_001.fastq.gz,RIAIL_5:CB-1:paired:WGS:IlluminaHiSeq4000
RIAIL_6,CB-1,RIAIL_6_S384_L005_R1_001.fastq.gz,RIAIL_6_S384_L005_R2_001.fastq.gz,RIAIL_6:CB-1:paired:WGS:IlluminaHiSeq4000
RIAIL_7,CB-1,RIAIL_7_S385_L005_R1_001.fastq.gz,RIAIL_7_S385_L005_R2_001.fastq.gz,RIAIL_7:CB-1:paired:WGS:IlluminaHiSeq4000
RIAIL_8,CB-1,RIAIL_8_S386_L005_R1_001.fastq.gz,RIAIL_8_S386_L005_R2_001.fastq.gz,RIAIL_8:CB-1:paired:WGS:IlluminaHiSeq4000
RIAIL_9,CB-1,RIAIL_9_S387_L005_R1_001.fastq.gz,RIAIL_9_S387_L005_R2_001.fastq.gz,RIAIL_9:CB-1:paired:WGS:IlluminaHiSeq4000
RIAIL_10,CB-1,RIAIL_10_S388_L005_R1_001.fastq.gz,RIAIL_10_S388_L005_R2_001.fastq.gz,RIAIL_10:CB-1:paired:WGS:IlluminaHiSeq4000
RIAIL_11,CB-1,RIAIL_11_S389_L005_R1_001.fastq.gz,RIAIL_11_S389_L005_R2_001.fastq.gz,RIAIL_11:CB-1:paired:WGS:IlluminaHiSeq4000
RIAIL_12,CB-1,RIAIL_12_S390_L005_R1_001.fastq.gz,RIAIL_12_S390_L005_R2_001.fastq.gz,RIAIL_12:CB-1:paired:WGS:IlluminaHiSeq4000
RIAIL_13,CB-1,RIAIL_13_S391_L005_R1_001.fastq.gz,RIAIL_13_S391_L005_R2_001.fastq.gz,RIAIL_13:CB-1:paired:WGS:IlluminaHiSeq4000
RIAIL_14,CB-1,RIAIL_14_S392_L005_R1_001.fastq.gz,RIAIL_14_S392_L005_R2_001.fastq.gz,RIAIL_14:CB-1:paired:WGS:IlluminaHiSeq4000
RIAIL_15,CB-1,RIAIL_15_S393_L005_R1_001.fastq.gz,RIAIL_15_S393_L005_R2_001.fastq.gz,RIAIL_15:CB-1:paired:WGS:IlluminaHiSeq4000
RIAIL_16,CB-1,RIAIL_16_S394_L005_R1_001.fastq.gz,RIAIL_16_S394_L005_R2_001.fastq.gz,RIAIL_16:CB-1:paired:WGS:IlluminaHiSeq4000
RIAIL_17,CB-1,RIAIL_17_S395_L005_R1_001.fastq.gz,RIAIL_17_S395_L005_R2_001.fastq.gz,RIAIL_17:CB-1:paired:WGS:IlluminaHiSeq4000
RIAIL_18,CB-1,RIAIL_18_S396_L005_R1_001.fastq.gz,RIAIL_18_S396_L005_R2_001.fastq.gz,RIAIL_18:CB-1:paired:WGS:IlluminaHiSeq4000
RIAIL_19,CB-1,RIAIL_19_S397_L005_R1_001.fastq.gz,RIAIL_19_S397_L005_R2_001.fastq.gz,RIAIL_19:CB-1:paired:WGS:IlluminaHiSeq4000
RIAIL_20,CB-1,RIAIL_20_S398_L005_R1_001.fastq.gz,RIAIL_20_S398_L005_R2_001.fastq.gz,RIAIL_20:CB-1:paired:WGS:IlluminaHiSeq4000
RIAIL_21,CB-1,RIAIL_21_S399_L005_R1_001.fastq.gz,RIAIL_21_S399_L005_R2_001.fastq.gz,RIAIL_21:CB-1:paired:WGS:IlluminaHiSeq4000
RIAIL_22,CB-1,RIAIL_22_S400_L005_R1_001.fastq.gz,RIAIL_22_S400_L005_R2_001.fastq.gz,RIAIL_22:CB-1:paired:WGS:IlluminaHiSeq4000
RIAIL_23,CB-1,RIAIL_23_S401_L005_R1_001.fastq.gz,RIAIL_23_S401_L005_R2_001.fastq.gz,RIAIL_23:CB-1:paired:WGS:IlluminaHiSeq4000
RIAIL_24,CB-1,RIAIL_24_S402_L005_R1_001.fastq.gz,RIAIL_24_S402_L005_R2_001.fastq.gz,RIAIL_24:CB-1:paired:WGS:IlluminaHiSeq4000
RIAIL_25,CB-1,RIAIL_25_S403_L005_R1_001.fastq.gz,RIAIL_25_S403_L005_R2_001.fastq.gz,RIAIL_25:CB-1:paired:WGS:IlluminaHiSeq4000
RIAIL_26,CB-1,RIAIL_26_S404_L005_R1_001.fastq.gz,RIAIL_26_S404_L005_R2_001.fastq.gz,RIAIL_26:CB-1:paired:WGS:IlluminaHiSeq4000
RIAIL_27,CB-1,RIAIL_27_S405_L005_R1_001.fastq.gz,RIAIL_27_S405_L005_R2_001.fastq.gz,RIAIL_27:CB-1:paired:WGS:IlluminaHiSeq4000
RIAIL_28,CB-1,RIAIL_28_S406_L005_R1_001.fastq.gz,RIAIL_28_S406_L005_R2_001.fastq.gz,RIAIL_28:CB-1:paired:WGS:IlluminaHiSeq4000
RIAIL_29,CB-1,RIAIL_29_S407_L005_R1_001.fastq.gz,RIAIL_29_S407_L005_R2_001.fastq.gz,RIAIL_29:CB-1:paired:WGS:IlluminaHiSeq4000
RIAIL_30,CB-1,RIAIL_30_S408_L005_R1_001.fastq.gz,RIAIL_30_S408_L005_R2_001.fastq.gz,RIAIL_30:CB-1:paired:WGS:IlluminaHiSeq4000
RIAIL_31,CB-1,RIAIL_31_S409_L005_R1_001.fastq.gz,RIAIL_31_S409_L005_R2_001.fastq.gz,RIAIL_31:CB-1:paired:WGS:IlluminaHiSeq4000
RIAIL_32,CB-1,RIAIL_32_S410_L005_R1_001.fastq.gz,RIAIL_32_S410_L005_R2_001.fastq.gz,RIAIL_32:CB-1:paired:WGS:IlluminaHiSeq4000
RIAIL_33,CB-1,RIAIL_33_S411_L005_R1_001.fastq.gz,RIAIL_33_S411_L005_R2_001.fastq.gz,RIAIL_33:CB-1:paired:WGS:IlluminaHiSeq4000
RIAIL_34,CB-1,RIAIL_34_S412_L005_R1_001.fastq.gz,RIAIL_34_S412_L005_R2_001.fastq.gz,RIAIL_34:CB-1:paired:WGS:IlluminaHiSeq4000
RIAIL_35,CB-1,RIAIL_35_S413_L005_R1_001.fastq.gz,RIAIL_35_S413_L005_R2_001.fastq.gz,RIAIL_35:CB-1:paired:WGS:IlluminaHiSeq4000
RIAIL_36,CB-1,RIAIL_36_S414_L005_R1_001.fastq.gz,RIAIL_36_S414_L005_R2_001.fastq.gz,RIAIL_36:CB-1:paired:WGS:IlluminaHiSeq4000
RIAIL_37,CB-1,RIAIL_37_S415_L005_R1_001.fastq.gz,RIAIL_37_S415_L005_R2_001.fastq.gz,RIAIL_37:CB-1:paired:WGS:IlluminaHiSeq4000
RIAIL_38,CB-1,RIAIL_38_S416_L005_R1_001.fastq.gz,RIAIL_38_S416_L005_R2_001.fastq.gz,RIAIL_38:CB-1:paired:WGS:IlluminaHiSeq4000
RIAIL_39,CB-1,RIAIL_39_S417_L005_R1_001.fastq.gz,RIAIL_39_S417_L005_R2_001.fastq.gz,RIAIL_39:CB-1:paired:WGS:IlluminaHiSeq4000
RIAIL_40,CB-1,RIAIL_40_S418_L005_R1_001.fastq.gz,RIAIL_40_S418_L005_R2_001.fastq.gz,RIAIL_40:CB-1:paired:WGS:IlluminaHiSeq4000
RIAIL_41,CB-1,RIAIL_41_S419_L005_R1_001.fastq.gz,RIAIL_41_S419_L005_R2_001.fastq.gz,RIAIL_41:CB-1:paired:WGS:IlluminaHiSeq4000
RIAIL_42,CB-1,RIAIL_42_S420_L005_R1_001.fastq.gz,RIAIL_42_S420_L005_R2_001.fastq.gz,RIAIL_42:CB-1:paired:WGS:IlluminaHiSeq4000
RIAIL_43,CB-1,RIAIL_43_S421_L005_R1_001.fastq.gz,RIAIL_43_S421_L005_R2_001.fastq.gz,RIAIL_43:CB-1:paired:WGS:IlluminaHiSeq4000
RIAIL_44,CB-1,RIAIL_44_S422_L005_R1_001.fastq.gz,RIAIL_44_S422_L005_R2_001.fastq.gz,RIAIL_44:CB-1:paired:WGS:IlluminaHiSeq4000
RIAIL_45,CB-1,RIAIL_45_S423_L005_R1_001.fastq.gz,RIAIL_45_S423_L005_R2_001.fastq.gz,RIAIL_45:CB-1:paired:WGS:IlluminaHiSeq4000
RIAIL_46,CB-1,RIAIL_46_S424_L005_R1_001.fastq.gz,RIAIL_46_S424_L005_R2_001.fastq.gz,RIAIL_46:CB-1:paired:WGS:IlluminaHiSeq4000
RIAIL_47,CB-1,RIAIL_47_S425_L005_R1_001.fastq.gz,RIAIL_47_S425_L005_R2_001.fastq.gz,RIAIL_47:CB-1:paired:WGS:IlluminaHiSeq4000
RIAIL_48,CB-1,RIAIL_48_S426_L005_R1_001.fastq.gz,RIAIL_48_S426_L005_R2_001.fastq.gz,RIAIL_48:CB-1:paired:WGS:IlluminaHiSeq4000
RIAIL_49,CB-1,RIAIL_49_S427_L005_R1_001.fastq.gz,RIAIL_49_S427_L005_R2_001.fastq.gz,RIAIL_49:CB-1:paired:WGS:IlluminaHiSeq4000
RIAIL_50,CB-1,RIAIL_50_S428_L005_R1_001.fastq.gz,RIAIL_50_S428_L005_R2_001.fastq.gz,RIAIL_50:CB-1:paired:WGS:IlluminaHiSeq4000
RIAIL_51,CB-1,RIAIL_51_S429_L005_R1_001.fastq.gz,RIAIL_51_S429_L005_R2_001.fastq.gz,RIAIL_51:CB-1:paired:WGS:IlluminaHiSeq4000
RIAIL_52,CB-1,RIAIL_52_S430_L005_R1_001.fastq.gz,RIAIL_52_S430_L005_R2_001.fastq.gz,RIAIL_52:CB-1:paired:WGS:IlluminaHiSeq4000
RIAIL_53,CB-1,RIAIL_53_S431_L005_R1_001.fastq.gz,RIAIL_53_S431_L005_R2_001.fastq.gz,RIAIL_53:CB-1:paired:WGS:IlluminaHiSeq4000
RIAIL_54,CB-1,RIAIL_54_S432_L005_R1_001.fastq.gz,RIAIL_54_S432_L005_R2_001.fastq.gz,RIAIL_54:CB-1:paired:WGS:IlluminaHiSeq4000
RIAIL_55,CB-1,RIAIL_55_S433_L005_R1_001.fastq.gz,RIAIL_55_S433_L005_R2_001.fastq.gz,RIAIL_55:CB-1:paired:WGS:IlluminaHiSeq4000
RIAIL_56,CB-1,RIAIL_56_S434_L005_R1_001.fastq.gz,RIAIL_56_S434_L005_R2_001.fastq.gz,RIAIL_56:CB-1:paired:WGS:IlluminaHiSeq4000
RIAIL_57,CB-1,RIAIL_57_S435_L005_R1_001.fastq.gz,RIAIL_57_S435_L005_R2_001.fastq.gz,RIAIL_57:CB-1:paired:WGS:IlluminaHiSeq4000
RIAIL_58,CB-1,RIAIL_58_S436_L005_R1_001.fastq.gz,RIAIL_58_S436_L005_R2_001.fastq.gz,RIAIL_58:CB-1:paired:WGS:IlluminaHiSeq4000
RIAIL_59,CB-1,RIAIL_59_S437_L005_R1_001.fastq.gz,RIAIL_59_S437_L005_R2_001.fastq.gz,RIAIL_59:CB-1:paired:WGS:IlluminaHiSeq4000
RIAIL_60,CB-1,RIAIL_60_S438_L005_R1_001.fastq.gz,RIAIL_60_S438_L005_R2_001.fastq.gz,RIAIL_60:CB-1:paired:WGS:IlluminaHiSeq4000
RIAIL_61,CB-1,RIAIL_61_S439_L005_R1_001.fastq.gz,RIAIL_61_S439_L005_R2_001.fastq.gz,RIAIL_61:CB-1:paired:WGS:IlluminaHiSeq4000
RIAIL_62,CB-1,RIAIL_62_S440_L005_R1_001.fastq.gz,RIAIL_62_S440_L005_R2_001.fastq.gz,RIAIL_62:CB-1:paired:WGS:IlluminaHiSeq4000
RIAIL_63,CB-1,RIAIL_63_S441_L005_R1_001.fastq.gz,RIAIL_63_S441_L005_R2_001.fastq.gz,RIAIL_63:CB-1:paired:WGS:IlluminaHiSeq4000
RIAIL_64,CB-1,RIAIL_64_S442_L005_R1_001.fastq.gz,RIAIL_64_S442_L005_R2_001.fastq.gz,RIAIL_64:CB-1:paired:WGS:IlluminaHiSeq4000
RIAIL_65,CB-1,RIAIL_65_S443_L005_R1_001.fastq.gz,RIAIL_65_S443_L005_R2_001.fastq.gz,RIAIL_65:CB-1:paired:WGS:IlluminaHiSeq4000
RIAIL_66,CB-1,RIAIL_66_S444_L005_R1_001.fastq.gz,RIAIL_66_S444_L005_R2_001.fastq.gz,RIAIL_66:CB-1:paired:WGS:IlluminaHiSeq4000
RIAIL_67,CB-1,RIAIL_67_S445_L005_R1_001.fastq.gz,RIAIL_67_S445_L005_R2_001.fastq.gz,RIAIL_67:CB-1:paired:WGS:IlluminaHiSeq4000
RIAIL_68,CB-1,RIAIL_68_S446_L005_R1_001.fastq.gz,RIAIL_68_S446_L005_R2_001.fastq.gz,RIAIL_68:CB-1:paired:WGS:IlluminaHiSeq4000
RIAIL_69,CB-1,RIAIL_69_S447_L005_R1_001.fastq.gz,RIAIL_69_S447_L005_R2_001.fastq.gz,RIAIL_69:CB-1:paired:WGS:IlluminaHiSeq4000
RIAIL_70,CB-1,RIAIL_70_S448_L005_R1_001.fastq.gz,RIAIL_70_S448_L005_R2_001.fastq.gz,RIAIL_70:CB-1:paired:WGS:IlluminaHiSeq4000
RIAIL_71,CB-1,RIAIL_71_S449_L005_R1_001.fastq.gz,RIAIL_71_S449_L005_R2_001.fastq.gz,RIAIL_71:CB-1:paired:WGS:IlluminaHiSeq4000
RIAIL_72,CB-1,RIAIL_72_S450_L005_R1_001.fastq.gz,RIAIL_72_S450_L005_R2_001.fastq.gz,RIAIL_72:CB-1:paired:WGS:IlluminaHiSeq4000
RIAIL_73,CB-1,RIAIL_73_S451_L005_R1_001.fastq.gz,RIAIL_73_S451_L005_R2_001.fastq.gz,RIAIL_73:CB-1:paired:WGS:IlluminaHiSeq4000
RIAIL_74,CB-1,RIAIL_74_S452_L005_R1_001.fastq.gz,RIAIL_74_S452_L005_R2_001.fastq.gz,RIAIL_74:CB-1:paired:WGS:IlluminaHiSeq4000
RIAIL_75,CB-1,RIAIL_75_S453_L005_R1_001.fastq.gz,RIAIL_75_S453_L005_R2_001.fastq.gz,RIAIL_75:CB-1:paired:WGS:IlluminaHiSeq4000
RIAIL_76,CB-1,RIAIL_76_S454_L005_R1_001.fastq.gz,RIAIL_76_S454_L005_R2_001.fastq.gz,RIAIL_76:CB-1:paired:WGS:IlluminaHiSeq4000
RIAIL_77,CB-1,RIAIL_77_S455_L005_R1_001.fastq.gz,RIAIL_77_S455_L005_R2_001.fastq.gz,RIAIL_77:CB-1:paired:WGS:IlluminaHiSeq4000
RIAIL_78,CB-1,RIAIL_78_S456_L005_R1_001.fastq.gz,RIAIL_78_S456_L005_R2_001.fastq.gz,RIAIL_78:CB-1:paired:WGS:IlluminaHiSeq4000
RIAIL_79,CB-1,RIAIL_79_S457_L005_R1_001.fastq.gz,RIAIL_79_S457_L005_R2_001.fastq.gz,RIAIL_79:CB-1:paired:WGS:IlluminaHiSeq4000
RIAIL_80,CB-1,RIAIL_80_S458_L005_R1_001.fastq.gz,RIAIL_80_S458_L005_R2_001.fastq.gz,RIAIL_80:CB-1:paired:WGS:IlluminaHiSeq4000
RIAIL_81,CB-1,RIAIL_81_S459_L005_R1_001.fastq.gz,RIAIL_81_S459_L005_R2_001.fastq.gz,RIAIL_81:CB-1:paired:WGS:IlluminaHiSeq4000
RIAIL_82,CB-1,RIAIL_82_S460_L005_R1_001.fastq.gz,RIAIL_82_S460_L005_R2_001.fastq.gz,RIAIL_82:CB-1:paired:WGS:IlluminaHiSeq4000
RIAIL_84,CB-1,RIAIL_84_S461_L005_R1_001.fastq.gz,RIAIL_84_S461_L005_R2_001.fastq.gz,RIAIL_84:CB-1:paired:WGS:IlluminaHiSeq4000
RIAIL_85,CB-1,RIAIL_85_S462_L005_R1_001.fastq.gz,RIAIL_85_S462_L005_R2_001.fastq.gz,RIAIL_85:CB-1:paired:WGS:IlluminaHiSeq4000
RIAIL_86,CB-1,RIAIL_86_S463_L005_R1_001.fastq.gz,RIAIL_86_S463_L005_R2_001.fastq.gz,RIAIL_86:CB-1:paired:WGS:IlluminaHiSeq4000
RIAIL_87,CB-1,RIAIL_87_S464_L005_R1_001.fastq.gz,RIAIL_87_S464_L005_R2_001.fastq.gz,RIAIL_87:CB-1:paired:WGS:IlluminaHiSeq4000
RIAIL_88,CB-1,RIAIL_88_S465_L005_R1_001.fastq.gz,RIAIL_88_S465_L005_R2_001.fastq.gz,RIAIL_88:CB-1:paired:WGS:IlluminaHiSeq4000
RIAIL_89,CB-1,RIAIL_89_S466_L005_R1_001.fastq.gz,RIAIL_89_S466_L005_R2_001.fastq.gz,RIAIL_89:CB-1:paired:WGS:IlluminaHiSeq4000
RIAIL_90,CB-1,RIAIL_90_S467_L005_R1_001.fastq.gz,RIAIL_90_S467_L005_R2_001.fastq.gz,RIAIL_90:CB-1:paired:WGS:IlluminaHiSeq4000
RIAIL_91,CB-1,RIAIL_91_S468_L005_R1_001.fastq.gz,RIAIL_91_S468_L005_R2_001.fastq.gz,RIAIL_91:CB-1:paired:WGS:IlluminaHiSeq4000
RIAIL_92,CB-1,RIAIL_92_S469_L005_R1_001.fastq.gz,RIAIL_92_S469_L005_R2_001.fastq.gz,RIAIL_92:CB-1:paired:WGS:IlluminaHiSeq4000
RIAIL_93,CB-1,RIAIL_93_S470_L005_R1_001.fastq.gz,RIAIL_93_S470_L005_R2_001.fastq.gz,RIAIL_93:CB-1:paired:WGS:IlluminaHiSeq4000
RIAIL_94,CB-1,RIAIL_94_S471_L005_R1_001.fastq.gz,RIAIL_94_S471_L005_R2_001.fastq.gz,RIAIL_94:CB-1:paired:WGS:IlluminaHiSeq4000
RIAIL_95,CB-1,RIAIL_95_S472_L005_R1_001.fastq.gz,RIAIL_95_S472_L005_R2_001.fastq.gz,RIAIL_95:CB-1:paired:WGS:IlluminaHiSeq4000
RIAIL_96,CB-1,RIAIL_96_S473_L005_R1_001.fastq.gz,RIAIL_96_S473_L005_R2_001.fastq.gz,RIAIL_96:CB-1:paired:WGS:IlluminaHiSeq4000
RIAIL_97,CB-1,RIAIL_97_S474_L005_R1_001.fastq.gz,RIAIL_97_S474_L005_R2_001.fastq.gz,RIAIL_97:CB-1:paired:WGS:IlluminaHiSeq4000
RIAIL_98,CB-2,RIAIL_98_S475_L006_R1_001.fastq.gz,RIAIL_98_S475_L006_R2_001.fastq.gz,RIAIL_98:CB-2:paired:WGS:IlluminaHiSeq4000
RIAIL_99,CB-2,RIAIL_99_S476_L006_R1_001.fastq.gz,RIAIL_99_S476_L006_R2_001.fastq.gz,RIAIL_99:CB-2:paired:WGS:IlluminaHiSeq4000
RIAIL_100,CB-2,RIAIL_100_S477_L006_R1_001.fastq.gz,RIAIL_100_S477_L006_R2_001.fastq.gz,RIAIL_100:CB-2:paired:WGS:IlluminaHiSeq4000
RIAIL_101,CB-2,RIAIL_101_S478_L006_R1_001.fastq.gz,RIAIL_101_S478_L006_R2_001.fastq.gz,RIAIL_101:CB-2:paired:WGS:IlluminaHiSeq4000
RIAIL_102,CB-2,RIAIL_102_S479_L006_R1_001.fastq.gz,RIAIL_102_S479_L006_R2_001.fastq.gz,RIAIL_102:CB-2:paired:WGS:IlluminaHiSeq4000
RIAIL_103,CB-2,RIAIL_103_S480_L006_R1_001.fastq.gz,RIAIL_103_S480_L006_R2_001.fastq.gz,RIAIL_103:CB-2:paired:WGS:IlluminaHiSeq4000
RIAIL_104,CB-2,RIAIL_104_S481_L006_R1_001.fastq.gz,RIAIL_104_S481_L006_R2_001.fastq.gz,RIAIL_104:CB-2:paired:WGS:IlluminaHiSeq4000
RIAIL_105,CB-2,RIAIL_105_S482_L006_R1_001.fastq.gz,RIAIL_105_S482_L006_R2_001.fastq.gz,RIAIL_105:CB-2:paired:WGS:IlluminaHiSeq4000
RIAIL_106,CB-2,RIAIL_106_S483_L006_R1_001.fastq.gz,RIAIL_106_S483_L006_R2_001.fastq.gz,RIAIL_106:CB-2:paired:WGS:IlluminaHiSeq4000
RIAIL_107,CB-2,RIAIL_107_S484_L006_R1_001.fastq.gz,RIAIL_107_S484_L006_R2_001.fastq.gz,RIAIL_107:CB-2:paired:WGS:IlluminaHiSeq4000
RIAIL_108,CB-2,RIAIL_108_S485_L006_R1_001.fastq.gz,RIAIL_108_S485_L006_R2_001.fastq.gz,RIAIL_108:CB-2:paired:WGS:IlluminaHiSeq4000
RIAIL_109,CB-2,RIAIL_109_S486_L006_R1_001.fastq.gz,RIAIL_109_S486_L006_R2_001.fastq.gz,RIAIL_109:CB-2:paired:WGS:IlluminaHiSeq4000
RIAIL_110,CB-2,RIAIL_110_S487_L006_R1_001.fastq.gz,RIAIL_110_S487_L006_R2_001.fastq.gz,RIAIL_110:CB-2:paired:WGS:IlluminaHiSeq4000
RIAIL_111,CB-2,RIAIL_111_S488_L006_R1_001.fastq.gz,RIAIL_111_S488_L006_R2_001.fastq.gz,RIAIL_111:CB-2:paired:WGS:IlluminaHiSeq4000
RIAIL_112,CB-2,RIAIL_112_S489_L006_R1_001.fastq.gz,RIAIL_112_S489_L006_R2_001.fastq.gz,RIAIL_112:CB-2:paired:WGS:IlluminaHiSeq4000
RIAIL_113,CB-2,RIAIL_113_S490_L006_R1_001.fastq.gz,RIAIL_113_S490_L006_R2_001.fastq.gz,RIAIL_113:CB-2:paired:WGS:IlluminaHiSeq4000
RIAIL_114,CB-2,RIAIL_114_S491_L006_R1_001.fastq.gz,RIAIL_114_S491_L006_R2_001.fastq.gz,RIAIL_114:CB-2:paired:WGS:IlluminaHiSeq4000
RIAIL_115,CB-2,RIAIL_115_S492_L006_R1_001.fastq.gz,RIAIL_115_S492_L006_R2_001.fastq.gz,RIAIL_115:CB-2:paired:WGS:IlluminaHiSeq4000
RIAIL_116,CB-2,RIAIL_116_S493_L006_R1_001.fastq.gz,RIAIL_116_S493_L006_R2_001.fastq.gz,RIAIL_116:CB-2:paired:WGS:IlluminaHiSeq4000
RIAIL_117,CB-2,RIAIL_117_S494_L006_R1_001.fastq.gz,RIAIL_117_S494_L006_R2_001.fastq.gz,RIAIL_117:CB-2:paired:WGS:IlluminaHiSeq4000
RIAIL_118,CB-2,RIAIL_118_S495_L006_R1_001.fastq.gz,RIAIL_118_S495_L006_R2_001.fastq.gz,RIAIL_118:CB-2:paired:WGS:IlluminaHiSeq4000
RIAIL_119,CB-2,RIAIL_119_S496_L006_R1_001.fastq.gz,RIAIL_119_S496_L006_R2_001.fastq.gz,RIAIL_119:CB-2:paired:WGS:IlluminaHiSeq4000
RIAIL_120,CB-2,RIAIL_120_S497_L006_R1_001.fastq.gz,RIAIL_120_S497_L006_R2_001.fastq.gz,RIAIL_120:CB-2:paired:WGS:IlluminaHiSeq4000
RIAIL_121,CB-2,RIAIL_121_S498_L006_R1_001.fastq.gz,RIAIL_121_S498_L006_R2_001.fastq.gz,RIAIL_121:CB-2:paired:WGS:IlluminaHiSeq4000
RIAIL_122,CB-2,RIAIL_122_S499_L006_R1_001.fastq.gz,RIAIL_122_S499_L006_R2_001.fastq.gz,RIAIL_122:CB-2:paired:WGS:IlluminaHiSeq4000
RIAIL_123,CB-2,RIAIL_123_S500_L006_R1_001.fastq.gz,RIAIL_123_S500_L006_R2_001.fastq.gz,RIAIL_123:CB-2:paired:WGS:IlluminaHiSeq4000
RIAIL_124,CB-2,RIAIL_124_S501_L006_R1_001.fastq.gz,RIAIL_124_S501_L006_R2_001.fastq.gz,RIAIL_124:CB-2:paired:WGS:IlluminaHiSeq4000
RIAIL_125,CB-2,RIAIL_125_S502_L006_R1_001.fastq.gz,RIAIL_125_S502_L006_R2_001.fastq.gz,RIAIL_125:CB-2:paired:WGS:IlluminaHiSeq4000
RIAIL_126,CB-2,RIAIL_126_S503_L006_R1_001.fastq.gz,RIAIL_126_S503_L006_R2_001.fastq.gz,RIAIL_126:CB-2:paired:WGS:IlluminaHiSeq4000
RIAIL_127,CB-2,RIAIL_127_S504_L006_R1_001.fastq.gz,RIAIL_127_S504_L006_R2_001.fastq.gz,RIAIL_127:CB-2:paired:WGS:IlluminaHiSeq4000
RIAIL_128,CB-2,RIAIL_128_S505_L006_R1_001.fastq.gz,RIAIL_128_S505_L006_R2_001.fastq.gz,RIAIL_128:CB-2:paired:WGS:IlluminaHiSeq4000
RIAIL_129,CB-2,RIAIL_129_S506_L006_R1_001.fastq.gz,RIAIL_129_S506_L006_R2_001.fastq.gz,RIAIL_129:CB-2:paired:WGS:IlluminaHiSeq4000
RIAIL_130,CB-2,RIAIL_130_S507_L006_R1_001.fastq.gz,RIAIL_130_S507_L006_R2_001.fastq.gz,RIAIL_130:CB-2:paired:WGS:IlluminaHiSeq4000
RIAIL_131,CB-2,RIAIL_131_S508_L006_R1_001.fastq.gz,RIAIL_131_S508_L006_R2_001.fastq.gz,RIAIL_131:CB-2:paired:WGS:IlluminaHiSeq4000
RIAIL_132,CB-2,RIAIL_132_S509_L006_R1_001.fastq.gz,RIAIL_132_S509_L006_R2_001.fastq.gz,RIAIL_132:CB-2:paired:WGS:IlluminaHiSeq4000
RIAIL_133,CB-2,RIAIL_133_S510_L006_R1_001.fastq.gz,RIAIL_133_S510_L006_R2_001.fastq.gz,RIAIL_133:CB-2:paired:WGS:IlluminaHiSeq4000
RIAIL_134,CB-2,RIAIL_134_S511_L006_R1_001.fastq.gz,RIAIL_134_S511_L006_R2_001.fastq.gz,RIAIL_134:CB-2:paired:WGS:IlluminaHiSeq4000
RIAIL_135,CB-2,RIAIL_135_S512_L006_R1_001.fastq.gz,RIAIL_135_S512_L006_R2_001.fastq.gz,RIAIL_135:CB-2:paired:WGS:IlluminaHiSeq4000
RIAIL_136,CB-2,RIAIL_136_S513_L006_R1_001.fastq.gz,RIAIL_136_S513_L006_R2_001.fastq.gz,RIAIL_136:CB-2:paired:WGS:IlluminaHiSeq4000
RIAIL_137,CB-2,RIAIL_137_S514_L006_R1_001.fastq.gz,RIAIL_137_S514_L006_R2_001.fastq.gz,RIAIL_137:CB-2:paired:WGS:IlluminaHiSeq4000
RIAIL_138,CB-2,RIAIL_138_S515_L006_R1_001.fastq.gz,RIAIL_138_S515_L006_R2_001.fastq.gz,RIAIL_138:CB-2:paired:WGS:IlluminaHiSeq4000
RIAIL_139,CB-2,RIAIL_139_S516_L006_R1_001.fastq.gz,RIAIL_139_S516_L006_R2_001.fastq.gz,RIAIL_139:CB-2:paired:WGS:IlluminaHiSeq4000
RIAIL_140,CB-2,RIAIL_140_S517_L006_R1_001.fastq.gz,RIAIL_140_S517_L006_R2_001.fastq.gz,RIAIL_140:CB-2:paired:WGS:IlluminaHiSeq4000
RIAIL_141,CB-2,RIAIL_141_S518_L006_R1_001.fastq.gz,RIAIL_141_S518_L006_R2_001.fastq.gz,RIAIL_141:CB-2:paired:WGS:IlluminaHiSeq4000
RIAIL_142,CB-2,RIAIL_142_S519_L006_R1_001.fastq.gz,RIAIL_142_S519_L006_R2_001.fastq.gz,RIAIL_142:CB-2:paired:WGS:IlluminaHiSeq4000
RIAIL_143,CB-2,RIAIL_143_S520_L006_R1_001.fastq.gz,RIAIL_143_S520_L006_R2_001.fastq.gz,RIAIL_143:CB-2:paired:WGS:IlluminaHiSeq4000
RIAIL_144,CB-2,RIAIL_144_S521_L006_R1_001.fastq.gz,RIAIL_144_S521_L006_R2_001.fastq.gz,RIAIL_144:CB-2:paired:WGS:IlluminaHiSeq4000
RIAIL_145,CB-2,RIAIL_145_S522_L006_R1_001.fastq.gz,RIAIL_145_S522_L006_R2_001.fastq.gz,RIAIL_145:CB-2:paired:WGS:IlluminaHiSeq4000
RIAIL_146,CB-2,RIAIL_146_S523_L006_R1_001.fastq.gz,RIAIL_146_S523_L006_R2_001.fastq.gz,RIAIL_146:CB-2:paired:WGS:IlluminaHiSeq4000
RIAIL_147,CB-2,RIAIL_147_S524_L006_R1_001.fastq.gz,RIAIL_147_S524_L006_R2_001.fastq.gz,RIAIL_147:CB-2:paired:WGS:IlluminaHiSeq4000
RIAIL_148,CB-2,RIAIL_148_S525_L006_R1_001.fastq.gz,RIAIL_148_S525_L006_R2_001.fastq.gz,RIAIL_148:CB-2:paired:WGS:IlluminaHiSeq4000
RIAIL_149,CB-2,RIAIL_149_S526_L006_R1_001.fastq.gz,RIAIL_149_S526_L006_R2_001.fastq.gz,RIAIL_149:CB-2:paired:WGS:IlluminaHiSeq4000
RIAIL_150,CB-2,RIAIL_150_S527_L006_R1_001.fastq.gz,RIAIL_150_S527_L006_R2_001.fastq.gz,RIAIL_150:CB-2:paired:WGS:IlluminaHiSeq4000
RIAIL_151,CB-2,RIAIL_151_S528_L006_R1_001.fastq.gz,RIAIL_151_S528_L006_R2_001.fastq.gz,RIAIL_151:CB-2:paired:WGS:IlluminaHiSeq4000
RIAIL_152,CB-2,RIAIL_152_S529_L006_R1_001.fastq.gz,RIAIL_152_S529_L006_R2_001.fastq.gz,RIAIL_152:CB-2:paired:WGS:IlluminaHiSeq4000
RIAIL_153,CB-2,RIAIL_153_S530_L006_R1_001.fastq.gz,RIAIL_153_S530_L006_R2_001.fastq.gz,RIAIL_153:CB-2:paired:WGS:IlluminaHiSeq4000
RIAIL_154,CB-2,RIAIL_154_S531_L006_R1_001.fastq.gz,RIAIL_154_S531_L006_R2_001.fastq.gz,RIAIL_154:CB-2:paired:WGS:IlluminaHiSeq4000
RIAIL_155,CB-2,RIAIL_155_S532_L006_R1_001.fastq.gz,RIAIL_155_S532_L006_R2_001.fastq.gz,RIAIL_155:CB-2:paired:WGS:IlluminaHiSeq4000
RIAIL_156,CB-2,RIAIL_156_S533_L006_R1_001.fastq.gz,RIAIL_156_S533_L006_R2_001.fastq.gz,RIAIL_156:CB-2:paired:WGS:IlluminaHiSeq4000
RIAIL_159,CB-2,RIAIL_159_S534_L006_R1_001.fastq.gz,RIAIL_159_S534_L006_R2_001.fastq.gz,RIAIL_159:CB-2:paired:WGS:IlluminaHiSeq4000
RIAIL_160,CB-2,RIAIL_160_S535_L006_R1_001.fastq.gz,RIAIL_160_S535_L006_R2_001.fastq.gz,RIAIL_160:CB-2:paired:WGS:IlluminaHiSeq4000
RIAIL_161,CB-2,RIAIL_161_S536_L006_R1_001.fastq.gz,RIAIL_161_S536_L006_R2_001.fastq.gz,RIAIL_161:CB-2:paired:WGS:IlluminaHiSeq4000
RIAIL_164,CB-2,RIAIL_164_S537_L006_R1_001.fastq.gz,RIAIL_164_S537_L006_R2_001.fastq.gz,RIAIL_164:CB-2:paired:WGS:IlluminaHiSeq4000
RIAIL_165,CB-2,RIAIL_165_S538_L006_R1_001.fastq.gz,RIAIL_165_S538_L006_R2_001.fastq.gz,RIAIL_165:CB-2:paired:WGS:IlluminaHiSeq4000
RIAIL_166,CB-2,RIAIL_166_S539_L006_R1_001.fastq.gz,RIAIL_166_S539_L006_R2_001.fastq.gz,RIAIL_166:CB-2:paired:WGS:IlluminaHiSeq4000
RIAIL_167,CB-2,RIAIL_167_S540_L006_R1_001.fastq.gz,RIAIL_167_S540_L006_R2_001.fastq.gz,RIAIL_167:CB-2:paired:WGS:IlluminaHiSeq4000
RIAIL_168,CB-2,RIAIL_168_S541_L006_R1_001.fastq.gz,RIAIL_168_S541_L006_R2_001.fastq.gz,RIAIL_168:CB-2:paired:WGS:IlluminaHiSeq4000
RIAIL_169,CB-2,RIAIL_169_S542_L006_R1_001.fastq.gz,RIAIL_169_S542_L006_R2_001.fastq.gz,RIAIL_169:CB-2:paired:WGS:IlluminaHiSeq4000
RIAIL_170,CB-2,RIAIL_170_S543_L006_R1_001.fastq.gz,RIAIL_170_S543_L006_R2_001.fastq.gz,RIAIL_170:CB-2:paired:WGS:IlluminaHiSeq4000
RIAIL_171,CB-2,RIAIL_171_S544_L006_R1_001.fastq.gz,RIAIL_171_S544_L006_R2_001.fastq.gz,RIAIL_171:CB-2:paired:WGS:IlluminaHiSeq4000
RIAIL_172,CB-2,RIAIL_172_S545_L006_R1_001.fastq.gz,RIAIL_172_S545_L006_R2_001.fastq.gz,RIAIL_172:CB-2:paired:WGS:IlluminaHiSeq4000
RIAIL_173,CB-2,RIAIL_173_S546_L006_R1_001.fastq.gz,RIAIL_173_S546_L006_R2_001.fastq.gz,RIAIL_173:CB-2:paired:WGS:IlluminaHiSeq4000
RIAIL_174,CB-2,RIAIL_174_S547_L006_R1_001.fastq.gz,RIAIL_174_S547_L006_R2_001.fastq.gz,RIAIL_174:CB-2:paired:WGS:IlluminaHiSeq4000
RIAIL_175,CB-2,RIAIL_175_S548_L006_R1_001.fastq.gz,RIAIL_175_S548_L006_R2_001.fastq.gz,RIAIL_175:CB-2:paired:WGS:IlluminaHiSeq4000
RIAIL_176,CB-2,RIAIL_176_S549_L006_R1_001.fastq.gz,RIAIL_176_S549_L006_R2_001.fastq.gz,RIAIL_176:CB-2:paired:WGS:IlluminaHiSeq4000
RIAIL_177,CB-2,RIAIL_177_S550_L006_R1_001.fastq.gz,RIAIL_177_S550_L006_R2_001.fastq.gz,RIAIL_177:CB-2:paired:WGS:IlluminaHiSeq4000
RIAIL_178,CB-2,RIAIL_178_S551_L006_R1_001.fastq.gz,RIAIL_178_S551_L006_R2_001.fastq.gz,RIAIL_178:CB-2:paired:WGS:IlluminaHiSeq4000
RIAIL_179,CB-2,RIAIL_179_S552_L006_R1_001.fastq.gz,RIAIL_179_S552_L006_R2_001.fastq.gz,RIAIL_179:CB-2:paired:WGS:IlluminaHiSeq4000
RIAIL_180,CB-2,RIAIL_180_S553_L006_R1_001.fastq.gz,RIAIL_180_S553_L006_R2_001.fastq.gz,RIAIL_180:CB-2:paired:WGS:IlluminaHiSeq4000
RIAIL_181,CB-2,RIAIL_181_S554_L006_R1_001.fastq.gz,RIAIL_181_S554_L006_R2_001.fastq.gz,RIAIL_181:CB-2:paired:WGS:IlluminaHiSeq4000
RIAIL_182,CB-2,RIAIL_182_S555_L006_R1_001.fastq.gz,RIAIL_182_S555_L006_R2_001.fastq.gz,RIAIL_182:CB-2:paired:WGS:IlluminaHiSeq4000
RIAIL_183,CB-2,RIAIL_183_S556_L006_R1_001.fastq.gz,RIAIL_183_S556_L006_R2_001.fastq.gz,RIAIL_183:CB-2:paired:WGS:IlluminaHiSeq4000
RIAIL_184,CB-2,RIAIL_184_S557_L006_R1_001.fastq.gz,RIAIL_184_S557_L006_R2_001.fastq.gz,RIAIL_184:CB-2:paired:WGS:IlluminaHiSeq4000
RIAIL_185,CB-2,RIAIL_185_S558_L006_R1_001.fastq.gz,RIAIL_185_S558_L006_R2_001.fastq.gz,RIAIL_185:CB-2:paired:WGS:IlluminaHiSeq4000
RIAIL_186,CB-2,RIAIL_186_S559_L006_R1_001.fastq.gz,RIAIL_186_S559_L006_R2_001.fastq.gz,RIAIL_186:CB-2:paired:WGS:IlluminaHiSeq4000
RIAIL_187,CB-2,RIAIL_187_S560_L006_R1_001.fastq.gz,RIAIL_187_S560_L006_R2_001.fastq.gz,RIAIL_187:CB-2:paired:WGS:IlluminaHiSeq4000
RIAIL_188,CB-2,RIAIL_188_S561_L006_R1_001.fastq.gz,RIAIL_188_S561_L006_R2_001.fastq.gz,RIAIL_188:CB-2:paired:WGS:IlluminaHiSeq4000
RIAIL_189,CB-2,RIAIL_189_S562_L006_R1_001.fastq.gz,RIAIL_189_S562_L006_R2_001.fastq.gz,RIAIL_189:CB-2:paired:WGS:IlluminaHiSeq4000
RIAIL_190,CB-2,RIAIL_190_S563_L006_R1_001.fastq.gz,RIAIL_190_S563_L006_R2_001.fastq.gz,RIAIL_190:CB-2:paired:WGS:IlluminaHiSeq4000
RIAIL_191,CB-2,RIAIL_191_S564_L006_R1_001.fastq.gz,RIAIL_191_S564_L006_R2_001.fastq.gz,RIAIL_191:CB-2:paired:WGS:IlluminaHiSeq4000
RIAIL_192,CB-2,RIAIL_192_S565_L006_R1_001.fastq.gz,RIAIL_192_S565_L006_R2_001.fastq.gz,RIAIL_192:CB-2:paired:WGS:IlluminaHiSeq4000
RIAIL_193,CB-2,RIAIL_193_S566_L006_R1_001.fastq.gz,RIAIL_193_S566_L006_R2_001.fastq.gz,RIAIL_193:CB-2:paired:WGS:IlluminaHiSeq4000
RIAIL_194,CB-2,RIAIL_194_S567_L006_R1_001.fastq.gz,RIAIL_194_S567_L006_R2_001.fastq.gz,RIAIL_194:CB-2:paired:WGS:IlluminaHiSeq4000
RIAIL_196,CB-2,RIAIL_196_S568_L006_R1_001.fastq.gz,RIAIL_196_S568_L006_R2_001.fastq.gz,RIAIL_196:CB-2:paired:WGS:IlluminaHiSeq4000
RIAIL_197,CB-2,RIAIL_197_S569_L006_R1_001.fastq.gz,RIAIL_197_S569_L006_R2_001.fastq.gz,RIAIL_197:CB-2:paired:WGS:IlluminaHiSeq4000
RIAIL_198,CB-2,RIAIL_198_S570_L006_R1_001.fastq.gz,RIAIL_198_S570_L006_R2_001.fastq.gz,RIAIL_198:CB-2:paired:WGS:IlluminaHiSeq4000
